
SET NAMES utf8;
SET FOREIGN_KEY_CHECKS = 0;

-- ----------------------------
--  Table structure for `yf_admin_base_protocol`
-- ----------------------------
DROP TABLE IF EXISTS `yf_admin_base_protocol`;
CREATE TABLE `yf_admin_base_protocol` (
  `protocol_id` mediumint(8) NOT NULL AUTO_INCREMENT COMMENT '协议索引Id',
  `cmd_id` smallint(4) NOT NULL DEFAULT '0' COMMENT '协议Id',
  `ctl` varchar(50) NOT NULL DEFAULT '' COMMENT '控制器类名称',
  `met` varchar(50) NOT NULL DEFAULT '' COMMENT '控制器方法',
  `db` enum('master','slave') NOT NULL DEFAULT 'master' COMMENT '连接数据库类型',
  `typ` enum('e','json','msgpcak','amf') NOT NULL DEFAULT 'json' COMMENT '输出数据默认类型',
  `rights_id` mediumint(20) NOT NULL COMMENT '权限Id',
  `log` tinyint(1) NOT NULL DEFAULT '0' COMMENT '是否记录日志',
  `struct` varchar(100) NOT NULL DEFAULT '' COMMENT '生成结构体，独立使用',
  `comment` varchar(255) NOT NULL DEFAULT '' COMMENT '注释',
  `0` varchar(255) NOT NULL DEFAULT 'int16_t:cmd_id' COMMENT '第一个字段',
  `1` varchar(255) NOT NULL DEFAULT '',
  `2` varchar(255) NOT NULL DEFAULT '',
  `3` varchar(255) NOT NULL DEFAULT '',
  `4` varchar(255) NOT NULL DEFAULT '',
  `5` varchar(255) NOT NULL DEFAULT '',
  `6` varchar(255) NOT NULL DEFAULT '',
  `7` varchar(255) NOT NULL DEFAULT '',
  `8` varchar(255) NOT NULL DEFAULT '',
  `9` varchar(255) NOT NULL DEFAULT '',
  `10` varchar(255) NOT NULL DEFAULT '',
  `11` varchar(255) NOT NULL DEFAULT '',
  `12` varchar(255) NOT NULL DEFAULT '',
  `13` varchar(255) NOT NULL DEFAULT '',
  `14` varchar(255) NOT NULL DEFAULT '',
  `15` varchar(255) NOT NULL DEFAULT '',
  `16` varchar(255) NOT NULL DEFAULT '',
  `17` varchar(255) NOT NULL DEFAULT '',
  `18` varchar(255) NOT NULL DEFAULT '',
  `19` varchar(255) NOT NULL DEFAULT '',
  `20` varchar(255) NOT NULL DEFAULT '',
  `21` varchar(255) NOT NULL DEFAULT '',
  `22` varchar(255) NOT NULL DEFAULT '',
  `23` varchar(255) NOT NULL DEFAULT '',
  `24` varchar(255) NOT NULL DEFAULT '',
  `25` varchar(255) NOT NULL DEFAULT '',
  `26` varchar(255) NOT NULL DEFAULT '',
  `27` varchar(255) NOT NULL DEFAULT '',
  `28` varchar(255) NOT NULL DEFAULT '',
  `29` varchar(255) NOT NULL DEFAULT '',
  `30` varchar(255) NOT NULL DEFAULT '',
  `31` varchar(255) NOT NULL DEFAULT '',
  `32` varchar(255) NOT NULL DEFAULT '',
  `33` varchar(255) NOT NULL DEFAULT '',
  `34` varchar(255) NOT NULL DEFAULT '',
  PRIMARY KEY (`protocol_id`),
  UNIQUE KEY `cmd_id_key` (`cmd_id`)
) ENGINE=InnoDB AUTO_INCREMENT=1944 DEFAULT CHARSET=utf8 ROW_FORMAT=COMPACT COMMENT='基础通信协议表';

-- ----------------------------
--  Records of `yf_admin_base_protocol`
-- ----------------------------
BEGIN;
INSERT INTO `yf_admin_base_protocol` VALUES ('1', '1', 'Index', 'index', 'master', 'e', '3000', '0', '', '首页', 'int16_t:cmd_id', '', '', '', '', '', '', '', '', '', '', '', '', '', '', '', '', '', '', '', '', '', '', '', '', '', '', '', '', '', '', '', '', '', ''), ('2', '2', 'Article_Group', 'index', 'master', 'e', '3010', '0', '', '文章分类_查询', 'int16_t:cmd_id', '', '', '', '', '', '', '', '', '', '', '', '', '', '', '', '', '', '', '', '', '', '', '', '', '', '', '', '', '', '', '', '', '', ''), ('3', '3', 'Article_Group', 'articleGroupList', 'master', 'json', '3010', '0', '', '文章分类_查询', 'int16_t:cmd_id', '', '', '', '', '', '', '', '', '', '', '', '', '', '', '', '', '', '', '', '', '', '', '', '', '', '', '', '', '', '', '', '', '', ''), ('4', '4', 'Article_Group', 'addGroup', 'master', 'json', '3020', '0', '', '文章分类_新增', 'int16_t:cmd_id', '', '', '', '', '', '', '', '', '', '', '', '', '', '', '', '', '', '', '', '', '', '', '', '', '', '', '', '', '', '', '', '', '', ''), ('5', '5', 'Article_Group', 'manage', 'master', 'e', '3030', '0', '', '文章分类_修改', 'int16_t:cmd_id', '', '', '', '', '', '', '', '', '', '', '', '', '', '', '', '', '', '', '', '', '', '', '', '', '', '', '', '', '', '', '', '', '', ''), ('6', '6', 'Article_Group', 'editGroup', 'master', 'json', '3030', '0', '', '文章分类_修改', 'int16_t:cmd_id', '', '', '', '', '', '', '', '', '', '', '', '', '', '', '', '', '', '', '', '', '', '', '', '', '', '', '', '', '', '', '', '', '', ''), ('7', '7', 'Article_Group', 'removeGroup', 'master', 'json', '3040', '0', '', '文章分类_删除', 'int16_t:cmd_id', '', '', '', '', '', '', '', '', '', '', '', '', '', '', '', '', '', '', '', '', '', '', '', '', '', '', '', '', '', '', '', '', '', ''), ('17', '17', 'Article_Base', 'index', 'master', 'e', '3060', '0', '', '文章管理_查询', 'int16_t:cmd_id', '', '', '', '', '', '', '', '', '', '', '', '', '', '', '', '', '', '', '', '', '', '', '', '', '', '', '', '', '', '', '', '', '', ''), ('18', '18', 'Article_Base', 'articleBaseList', 'master', 'json', '3060', '0', '', '文章管理_查询', 'int16_t:cmd_id', '', '', '', '', '', '', '', '', '', '', '', '', '', '', '', '', '', '', '', '', '', '', '', '', '', '', '', '', '', '', '', '', '', ''), ('19', '19', 'Article_Base', 'addArticleBase', 'master', 'json', '3070', '0', '', '文章管理_新增', 'int16_t:cmd_id', '', '', '', '', '', '', '', '', '', '', '', '', '', '', '', '', '', '', '', '', '', '', '', '', '', '', '', '', '', '', '', '', '', ''), ('20', '20', 'Article_Base', 'editArticleBase', 'master', 'json', '3080', '0', '', '文章管理_修改', 'int16_t:cmd_id', '', '', '', '', '', '', '', '', '', '', '', '', '', '', '', '', '', '', '', '', '', '', '', '', '', '', '', '', '', '', '', '', '', ''), ('21', '21', 'Article_Base', 'removeBase', 'master', 'json', '3090', '0', '', '文章管理_删除', 'int16_t:cmd_id', '', '', '', '', '', '', '', '', '', '', '', '', '', '', '', '', '', '', '', '', '', '', '', '', '', '', '', '', '', '', '', '', '', ''), ('22', '22', 'Article_Base', 'manage', 'master', 'e', '3080', '0', '', '文章管理_修改', 'int16_t:cmd_id', '', '', '', '', '', '', '', '', '', '', '', '', '', '', '', '', '', '', '', '', '', '', '', '', '', '', '', '', '', '', '', '', '', ''), ('32', '32', 'Member_Agreement', 'index', 'master', 'e', '3140', '0', '', '会员协议_查询', 'int16_t:cmd_id', '', '', '', '', '', '', '', '', '', '', '', '', '', '', '', '', '', '', '', '', '', '', '', '', '', '', '', '', '', '', '', '', '', ''), ('33', '33', 'Member_Agreement', 'memberAgreementList', 'master', 'json', '3140', '0', '', '会员协议_查询', 'int16_t:cmd_id', '', '', '', '', '', '', '', '', '', '', '', '', '', '', '', '', '', '', '', '', '', '', '', '', '', '', '', '', '', '', '', '', '', ''), ('34', '34', 'Member_Agreement', 'addMmberAgreement', 'master', 'json', '3110', '0', '', '会员协议_新增', 'int16_t:cmd_id', '', '', '', '', '', '', '', '', '', '', '', '', '', '', '', '', '', '', '', '', '', '', '', '', '', '', '', '', '', '', '', '', '', ''), ('35', '35', 'Member_Agreement', 'manage', 'master', 'e', '3130', '0', '', '会员协议_修改', 'int16_t:cmd_id', '', '', '', '', '', '', '', '', '', '', '', '', '', '', '', '', '', '', '', '', '', '', '', '', '', '', '', '', '', '', '', '', '', ''), ('36', '36', 'Member_Agreement', 'editMemberAgreement', 'master', 'json', '3130', '0', '', '会员协议_修改', 'int16_t:cmd_id', '', '', '', '', '', '', '', '', '', '', '', '', '', '', '', '', '', '', '', '', '', '', '', '', '', '', '', '', '', '', '', '', '', ''), ('37', '37', 'Member_Agreement', 'removeMemberAgreement', 'master', 'json', '3120', '0', '', '会员协议_删除', 'int16_t:cmd_id', '', '', '', '', '', '', '', '', '', '', '', '', '', '', '', '', '', '', '', '', '', '', '', '', '', '', '', '', '', '', '', '', '', ''), ('47', '47', 'Platform_Nav', 'index', 'master', 'e', '3160', '0', '', '页面导航_查询', 'int16_t:cmd_id', '', '', '', '', '', '', '', '', '', '', '', '', '', '', '', '', '', '', '', '', '', '', '', '', '', '', '', '', '', '', '', '', '', ''), ('48', '48', 'Platform_Nav', 'platformNavList', 'master', 'json', '3160', '0', '', '页面导航_查询', 'int16_t:cmd_id', '', '', '', '', '', '', '', '', '', '', '', '', '', '', '', '', '', '', '', '', '', '', '', '', '', '', '', '', '', '', '', '', '', ''), ('49', '49', 'Platform_Nav', 'addPlatformNav', 'master', 'json', '3170', '0', '', '页面导航_新增', 'int16_t:cmd_id', '', '', '', '', '', '', '', '', '', '', '', '', '', '', '', '', '', '', '', '', '', '', '', '', '', '', '', '', '', '', '', '', '', ''), ('50', '50', 'Platform_Nav', 'manage', 'master', 'e', '3180', '0', '', '页面导航_修改', 'int16_t:cmd_id', '', '', '', '', '', '', '', '', '', '', '', '', '', '', '', '', '', '', '', '', '', '', '', '', '', '', '', '', '', '', '', '', '', ''), ('51', '51', 'Platform_Nav', 'editPlatformNav', 'master', 'json', '3180', '0', '', '页面导航_修改', 'int16_t:cmd_id', '', '', '', '', '', '', '', '', '', '', '', '', '', '', '', '', '', '', '', '', '', '', '', '', '', '', '', '', '', '', '', '', '', ''), ('52', '52', 'Platform_Nav', 'removeNav', 'master', 'json', '3190', '0', '', '页面导航_删除', 'int16_t:cmd_id', '', '', '', '', '', '', '', '', '', '', '', '', '', '', '', '', '', '', '', '', '', '', '', '', '', '', '', '', '', '', '', '', '', ''), ('62', '62', 'Rec_Position', 'index', 'master', 'e', '3200', '0', '', '推荐位_查询', 'int16_t:cmd_id', '', '', '', '', '', '', '', '', '', '', '', '', '', '', '', '', '', '', '', '', '', '', '', '', '', '', '', '', '', '', '', '', '', ''), ('63', '63', 'Rec_Position', 'recPositionList', 'master', 'json', '3200', '0', '', '推荐位_查询', 'int16_t:cmd_id', '', '', '', '', '', '', '', '', '', '', '', '', '', '', '', '', '', '', '', '', '', '', '', '', '', '', '', '', '', '', '', '', '', ''), ('64', '64', 'Rec_Position', 'addRecPosition', 'master', 'json', '3210', '0', '', '推荐位_新增', 'int16_t:cmd_id', '', '', '', '', '', '', '', '', '', '', '', '', '', '', '', '', '', '', '', '', '', '', '', '', '', '', '', '', '', '', '', '', '', ''), ('65', '65', 'Rec_Position', 'manage', 'master', 'e', '3220', '0', '', '推荐位_修改', 'int16_t:cmd_id', '', '', '', '', '', '', '', '', '', '', '', '', '', '', '', '', '', '', '', '', '', '', '', '', '', '', '', '', '', '', '', '', '', ''), ('66', '66', 'Rec_Position', 'editRecPosition', 'master', 'json', '3220', '0', '', '推荐位_修改', 'int16_t:cmd_id', '', '', '', '', '', '', '', '', '', '', '', '', '', '', '', '', '', '', '', '', '', '', '', '', '', '', '', '', '', '', '', '', '', ''), ('67', '67', 'Rec_Position', 'removePosition', 'master', 'json', '3230', '0', '', '推荐位_删除', 'int16_t:cmd_id', '', '', '', '', '', '', '', '', '', '', '', '', '', '', '', '', '', '', '', '', '', '', '', '', '', '', '', '', '', '', '', '', '', ''), ('77', '77', 'Config', 'district', 'master', 'e', '3240', '0', '', '地区设置_查询', 'int16_t:cmd_id', '', '', '', '', '', '', '', '', '', '', '', '', '', '', '', '', '', '', '', '', '', '', '', '', '', '', '', '', '', '', '', '', '', ''), ('78', '78', 'Category', 'lists', 'master', 'json', '3240', '0', '', '地区设置_查询', 'int16_t:cmd_id', '', '', '', '', '', '', '', '', '', '', '', '', '', '', '', '', '', '', '', '', '', '', '', '', '', '', '', '', '', '', '', '', '', ''), ('79', '79', 'Config', 'districtManage', 'master', 'e', '3250', '0', '', '地区设置_新增', 'int16_t:cmd_id', '', '', '', '', '', '', '', '', '', '', '', '', '', '', '', '', '', '', '', '', '', '', '', '', '', '', '', '', '', '', '', '', '', ''), ('80', '80', 'Base_District', 'addDistrict', 'master', 'json', '3250', '0', '', '地区设置_新增', 'int16_t:cmd_id', '', '', '', '', '', '', '', '', '', '', '', '', '', '', '', '', '', '', '', '', '', '', '', '', '', '', '', '', '', '', '', '', '', ''), ('81', '81', 'Base_District', 'editDistrict', 'master', 'json', '3260', '0', '', '地区设置_修改', 'int16_t:cmd_id', '', '', '', '', '', '', '', '', '', '', '', '', '', '', '', '', '', '', '', '', '', '', '', '', '', '', '', '', '', '', '', '', '', ''), ('82', '82', 'Base_District', 'remove', 'master', 'json', '3270', '0', '', '地区设置_删除', 'int16_t:cmd_id', '', '', '', '', '', '', '', '', '', '', '', '', '', '', '', '', '', '', '', '', '', '', '', '', '', '', '', '', '', '', '', '', '', ''), ('83', '83', 'Base_Cron', 'index', 'master', 'e', '3280', '0', '', '计划任务_查询', 'int16_t:cmd_id', '', '', '', '', '', '', '', '', '', '', '', '', '', '', '', '', '', '', '', '', '', '', '', '', '', '', '', '', '', '', '', '', '', ''), ('84', '84', 'Base_Cron', 'lists', 'master', 'json', '3280', '0', '', '计划任务_查询', 'int16_t:cmd_id', '', '', '', '', '', '', '', '', '', '', '', '', '', '', '', '', '', '', '', '', '', '', '', '', '', '', '', '', '', '', '', '', '', ''), ('85', '85', 'Base_Cron', 'manage', 'master', 'e', '3290', '0', '', '计划任务_新增', 'int16_t:cmd_id', '', '', '', '', '', '', '', '', '', '', '', '', '', '', '', '', '', '', '', '', '', '', '', '', '', '', '', '', '', '', '', '', '', ''), ('86', '86', 'Base_Cron', 'addBaseCron', 'master', 'json', '3290', '0', '', '计划任务_新增', 'int16_t:cmd_id', '', '', '', '', '', '', '', '', '', '', '', '', '', '', '', '', '', '', '', '', '', '', '', '', '', '', '', '', '', '', '', '', '', ''), ('87', '87', 'Base_Cron', 'editBaseCron', 'master', 'json', '3300', '0', '', '计划任务_修改', 'int16_t:cmd_id', '', '', '', '', '', '', '', '', '', '', '', '', '', '', '', '', '', '', '', '', '', '', '', '', '', '', '', '', '', '', '', '', '', ''), ('88', '88', 'Base_Cron', 'remove', 'master', 'json', '3310', '0', '', '计划任务_删除', 'int16_t:cmd_id', '', '', '', '', '', '', '', '', '', '', '', '', '', '', '', '', '', '', '', '', '', '', '', '', '', '', '', '', '', '', '', '', '', ''), ('89', '89', 'Goods_Cat', 'cat', 'master', 'e', '3320', '0', '', '商品分类_查询', 'int16_t:cmd_id', '', '', '', '', '', '', '', '', '', '', '', '', '', '', '', '', '', '', '', '', '', '', '', '', '', '', '', '', '', '', '', '', '', ''), ('90', '90', 'Category', 'lists', 'master', 'json', '3320', '0', '', '商品分类_查询', 'int16_t:cmd_id', '', '', '', '', '', '', '', '', '', '', '', '', '', '', '', '', '', '', '', '', '', '', '', '', '', '', '', '', '', '', '', '', '', ''), ('91', '91', 'Goods_Cat', 'manage', 'master', 'e', '3330', '0', '', '商品分类_新增', 'int16_t:cmd_id', '', '', '', '', '', '', '', '', '', '', '', '', '', '', '', '', '', '', '', '', '', '', '', '', '', '', '', '', '', '', '', '', '', ''), ('92', '92', 'Goods_Cat', 'add', 'master', 'json', '3330', '0', '', '商品分类_新增', 'int16_t:cmd_id', '', '', '', '', '', '', '', '', '', '', '', '', '', '', '', '', '', '', '', '', '', '', '', '', '', '', '', '', '', '', '', '', '', ''), ('93', '93', 'Goods_Cat', 'editGoodsCat', 'master', 'json', '3340', '0', '', '商品分类_修改', 'int16_t:cmd_id', '', '', '', '', '', '', '', '', '', '', '', '', '', '', '', '', '', '', '', '', '', '', '', '', '', '', '', '', '', '', '', '', '', ''), ('94', '94', 'Goods_Cat', 'removeCat', 'master', 'json', '3350', '0', '', '商品分类_删除', 'int16_t:cmd_id', '', '', '', '', '', '', '', '', '', '', '', '', '', '', '', '', '', '', '', '', '', '', '', '', '', '', '', '', '', '', '', '', '', ''), ('95', '95', 'Goods_Cat', 'listCatNav', 'master', 'e', '3360', '0', '', '商品分类导航', 'int16_t:cmd_id', '', '', '', '', '', '', '', '', '', '', '', '', '', '', '', '', '', '', '', '', '', '', '', '', '', '', '', '', '', '', '', '', '', ''), ('96', '96', 'Goods_Cat', 'editNav', 'master', 'json', '3360', '0', '', '商品分类导航修改', 'int16_t:cmd_id', '', '', '', '', '', '', '', '', '', '', '', '', '', '', '', '', '', '', '', '', '', '', '', '', '', '', '', '', '', '', '', '', '', ''), ('106', '106', 'Goods_Brand', 'brand', 'master', 'e', '3370', '0', '', '品牌管理_查询', 'int16_t:cmd_id', '', '', '', '', '', '', '', '', '', '', '', '', '', '', '', '', '', '', '', '', '', '', '', '', '', '', '', '', '', '', '', '', '', ''), ('107', '107', 'Goods_Brand', 'listBrand', 'master', 'json', '3370', '0', '', '品牌管理_查询', 'int16_t:cmd_id', '', '', '', '', '', '', '', '', '', '', '', '', '', '', '', '', '', '', '', '', '', '', '', '', '', '', '', '', '', '', '', '', '', ''), ('108', '108', 'Goods_Brand', 'brandmanage', 'master', 'e', '3380', '0', '', '品牌管理_新增', 'int16_t:cmd_id', '', '', '', '', '', '', '', '', '', '', '', '', '', '', '', '', '', '', '', '', '', '', '', '', '', '', '', '', '', '', '', '', '', ''), ('109', '109', 'Goods_Brand', 'add', 'master', 'json', '3380', '0', '', '品牌管理_新增', 'int16_t:cmd_id', '', '', '', '', '', '', '', '', '', '', '', '', '', '', '', '', '', '', '', '', '', '', '', '', '', '', '', '', '', '', '', '', '', ''), ('110', '110', 'Goods_Brand', 'edit', 'master', 'json', '3390', '0', '', '品牌管理_修改', 'int16_t:cmd_id', '', '', '', '', '', '', '', '', '', '', '', '', '', '', '', '', '', '', '', '', '', '', '', '', '', '', '', '', '', '', '', '', '', ''), ('111', '111', 'Goods_Brand', 'remove', 'master', 'json', '3400', '0', '', '品牌管理_删除', 'int16_t:cmd_id', '', '', '', '', '', '', '', '', '', '', '', '', '', '', '', '', '', '', '', '', '', '', '', '', '', '', '', '', '', '', '', '', '', ''), ('120', '120', 'Goods_Spec', 'spec', 'master', 'e', '3410', '0', '', '商品规格_查询', 'int16_t:cmd_id', '', '', '', '', '', '', '', '', '', '', '', '', '', '', '', '', '', '', '', '', '', '', '', '', '', '', '', '', '', '', '', '', '', ''), ('121', '121', 'Goods_Spec', 'lists', 'master', 'json', '3410', '0', '', '商品规格_查询', 'int16_t:cmd_id', '', '', '', '', '', '', '', '', '', '', '', '', '', '', '', '', '', '', '', '', '', '', '', '', '', '', '', '', '', '', '', '', '', ''), ('122', '122', 'Goods_Spec', 'manage', 'master', 'e', '3420', '0', '', '商品规格_新增', 'int16_t:cmd_id', '', '', '', '', '', '', '', '', '', '', '', '', '', '', '', '', '', '', '', '', '', '', '', '', '', '', '', '', '', '', '', '', '', ''), ('123', '123', 'Goods_Spec', 'addGoodsSpec', 'master', 'json', '3420', '0', '', '商品规格_新增', 'int16_t:cmd_id', '', '', '', '', '', '', '', '', '', '', '', '', '', '', '', '', '', '', '', '', '', '', '', '', '', '', '', '', '', '', '', '', '', ''), ('124', '124', 'Goods_Spec', 'editGoodsSpec', 'master', 'json', '3430', '0', '', '商品规格_修改', 'int16_t:cmd_id', '', '', '', '', '', '', '', '', '', '', '', '', '', '', '', '', '', '', '', '', '', '', '', '', '', '', '', '', '', '', '', '', '', ''), ('125', '125', 'Goods_Spec', 'remove', 'master', 'json', '3440', '0', '', '商品规格_删除', 'int16_t:cmd_id', '', '', '', '', '', '', '', '', '', '', '', '', '', '', '', '', '', '', '', '', '', '', '', '', '', '', '', '', '', '', '', '', '', ''), ('126', '126', 'Config', 'promotion', 'master', 'e', '3700', '0', '', '促销设定_查看', 'int16_t:cmd_id', '', '', '', '', '', '', '', '', '', '', '', '', '', '', '', '', '', '', '', '', '', '', '', '', '', '', '', '', '', '', '', '', '', ''), ('127', '127', 'Config', 'edit', 'master', 'json', '3710', '0', '', '促销设定_修改', 'int16_t:cmd_id', '', '', '', '', '', '', '', '', '', '', '', '', '', '', '', '', '', '', '', '', '', '', '', '', '', '', '', '', '', '', '', '', '', ''), ('128', '128', 'Promotion_GroupBuy', 'index', 'master', 'e', '3720', '0', '', '团购活动_查看', 'int16_t:cmd_id', '', '', '', '', '', '', '', '', '', '', '', '', '', '', '', '', '', '', '', '', '', '', '', '', '', '', '', '', '', '', '', '', '', ''), ('129', '129', 'Promotion_GroupBuy', 'getGroupBuyGoodsList', 'master', 'json', '3720', '0', '', '团购活动_查看', 'int16_t:cmd_id', '', '', '', '', '', '', '', '', '', '', '', '', '', '', '', '', '', '', '', '', '', '', '', '', '', '', '', '', '', '', '', '', '', ''), ('130', '130', 'Promotion_GroupBuy', 'groupbuyManage', 'master', 'e', '3730', '0', '', '团购活动_编辑', 'int16_t:cmd_id', '', '', '', '', '', '', '', '', '', '', '', '', '', '', '', '', '', '', '', '', '', '', '', '', '', '', '', '', '', '', '', '', '', ''), ('131', '131', 'Promotion_GroupBuy', 'editGroupBuy', 'master', 'json', '3730', '0', '', '团购活动_编辑', 'int16_t:cmd_id', '', '', '', '', '', '', '', '', '', '', '', '', '', '', '', '', '', '', '', '', '', '', '', '', '', '', '', '', '', '', '', '', '', ''), ('132', '132', 'Promotion_GroupBuy', 'removeGroupBuyGoods', 'master', 'json', '3740', '0', '', '团购活动_删除', 'int16_t:cmd_id', '', '', '', '', '', '', '', '', '', '', '', '', '', '', '', '', '', '', '', '', '', '', '', '', '', '', '', '', '', '', '', '', '', ''), ('133', '133', 'Promotion_GroupBuy', 'index', 'master', 'e', '3750', '0', '', '套餐管理_查看', 'int16_t:cmd_id', '', '', '', '', '', '', '', '', '', '', '', '', '', '', '', '', '', '', '', '', '', '', '', '', '', '', '', '', '', '', '', '', '', ''), ('134', '134', 'Promotion_GroupBuy', 'getGroupBuyGoodsList', 'master', 'json', '3750', '0', '', '套餐管理_查看', 'int16_t:cmd_id', '', '', '', '', '', '', '', '', '', '', '', '', '', '', '', '', '', '', '', '', '', '', '', '', '', '', '', '', '', '', '', '', '', ''), ('135', '135', 'Promotion_GroupBuy', 'cat', 'master', 'e', '3760', '0', '', '团购分类_查看', 'int16_t:cmd_id', '', '', '', '', '', '', '', '', '', '', '', '', '', '', '', '', '', '', '', '', '', '', '', '', '', '', '', '', '', '', '', '', '', ''), ('136', '136', 'Promotion_GroupBuy', 'getCat', 'master', 'json', '3760', '0', '', '团购分类_查看', 'int16_t:cmd_id', '', '', '', '', '', '', '', '', '', '', '', '', '', '', '', '', '', '', '', '', '', '', '', '', '', '', '', '', '', '', '', '', '', ''), ('137', '137', 'Promotion_GroupBuy', 'catManage', 'master', 'e', '3770', '0', '', '团购分类_新增', 'int16_t:cmd_id', '', '', '', '', '', '', '', '', '', '', '', '', '', '', '', '', '', '', '', '', '', '', '', '', '', '', '', '', '', '', '', '', '', ''), ('138', '138', 'Promotion_GroupBuy', 'addCat', 'master', 'json', '3770', '0', '', '团购分类_新增', 'int16_t:cmd_id', '', '', '', '', '', '', '', '', '', '', '', '', '', '', '', '', '', '', '', '', '', '', '', '', '', '', '', '', '', '', '', '', '', ''), ('139', '139', 'Promotion_GroupBuy', 'editCat', 'master', 'json', '3780', '0', '', '团购分类_编辑', 'int16_t:cmd_id', '', '', '', '', '', '', '', '', '', '', '', '', '', '', '', '', '', '', '', '', '', '', '', '', '', '', '', '', '', '', '', '', '', ''), ('140', '140', 'Promotion_GroupBuy', 'removeGroupBuyCat', 'master', 'json', '3790', '0', '', '团购分类_删除', 'int16_t:cmd_id', '', '', '', '', '', '', '', '', '', '', '', '', '', '', '', '', '', '', '', '', '', '', '', '', '', '', '', '', '', '', '', '', '', ''), ('141', '141', 'Promotion_GroupBuy', 'price', 'master', 'e', '3800', '0', '', '团购价格区间_查看', 'int16_t:cmd_id', '', '', '', '', '', '', '', '', '', '', '', '', '', '', '', '', '', '', '', '', '', '', '', '', '', '', '', '', '', '', '', '', '', ''), ('142', '142', 'Promotion_GroupBuy', 'getPriceRangeList', 'master', 'json', '3800', '0', '', '团购价格区间_查看', 'int16_t:cmd_id', '', '', '', '', '', '', '', '', '', '', '', '', '', '', '', '', '', '', '', '', '', '', '', '', '', '', '', '', '', '', '', '', '', ''), ('143', '143', 'Promotion_GroupBuy', 'priceRangeManage', 'master', 'e', '3810', '0', '', '团购价格区间_新增', 'int16_t:cmd_id', '', '', '', '', '', '', '', '', '', '', '', '', '', '', '', '', '', '', '', '', '', '', '', '', '', '', '', '', '', '', '', '', '', ''), ('144', '144', 'Promotion_GroupBuy', 'addPriceRange', 'master', 'json', '3810', '0', '', '团购价格区间_新增', 'int16_t:cmd_id', '', '', '', '', '', '', '', '', '', '', '', '', '', '', '', '', '', '', '', '', '', '', '', '', '', '', '', '', '', '', '', '', '', ''), ('145', '145', 'Promotion_GroupBuy', 'editPriceRange', 'master', 'json', '3820', '0', '', '团购价格区间_编辑', 'int16_t:cmd_id', '', '', '', '', '', '', '', '', '', '', '', '', '', '', '', '', '', '', '', '', '', '', '', '', '', '', '', '', '', '', '', '', '', ''), ('146', '146', 'Promotion_GroupBuy', 'removePriceRange', 'master', 'json', '3830', '0', '', '团购价格区间_删除', 'int16_t:cmd_id', '', '', '', '', '', '', '', '', '', '', '', '', '', '', '', '', '', '', '', '', '', '', '', '', '', '', '', '', '', '', '', '', '', ''), ('147', '147', 'Config', 'groupbuy', 'master', 'e', '3840', '0', '', '设置_查看', 'int16_t:cmd_id', '', '', '', '', '', '', '', '', '', '', '', '', '', '', '', '', '', '', '', '', '', '', '', '', '', '', '', '', '', '', '', '', '', ''), ('148', '148', 'Config', 'edit', 'master', 'json', '3850', '0', '', '设置_编辑', 'int16_t:cmd_id', '', '', '', '', '', '', '', '', '', '', '', '', '', '', '', '', '', '', '', '', '', '', '', '', '', '', '', '', '', '', '', '', '', ''), ('149', '149', 'Promotion_GroupBuy', 'slider', 'master', 'e', '3860', '0', '', '幻灯片_查看', 'int16_t:cmd_id', '', '', '', '', '', '', '', '', '', '', '', '', '', '', '', '', '', '', '', '', '', '', '', '', '', '', '', '', '', '', '', '', '', ''), ('150', '150', 'Promotion_GroupBuy', 'vr_cat', 'master', 'e', '3870', '0', '', '分类管理_查看', 'int16_t:cmd_id', '', '', '', '', '', '', '', '', '', '', '', '', '', '', '', '', '', '', '', '', '', '', '', '', '', '', '', '', '', '', '', '', '', ''), ('151', '151', 'Promotion_GroupBuy', 'getGroupBuyCatList', 'master', 'json', '3870', '0', '', '分类管理_查看', 'int16_t:cmd_id', '', '', '', '', '', '', '', '', '', '', '', '', '', '', '', '', '', '', '', '', '', '', '', '', '', '', '', '', '', '', '', '', '', ''), ('152', '152', 'Promotion_GroupBuy', 'actGiftManage', 'master', 'e', '3890', '0', '', '分类管理_编辑', 'int16_t:cmd_id', '', '', '', '', '', '', '', '', '', '', '', '', '', '', '', '', '', '', '', '', '', '', '', '', '', '', '', '', '', '', '', '', '', ''), ('153', '153', 'Promotion_GroupBuy', 'removeGroupBuyCat', 'master', 'json', '3900', '0', '', '分类管理_删除', 'int16_t:cmd_id', '', '', '', '', '', '', '', '', '', '', '', '', '', '', '', '', '', '', '', '', '', '', '', '', '', '', '', '', '', '', '', '', '', ''), ('154', '154', 'Promotion_GroupBuy', 'vr_area', 'master', 'e', '3910', '0', '', '区域设置_查看', 'int16_t:cmd_id', '', '', '', '', '', '', '', '', '', '', '', '', '', '', '', '', '', '', '', '', '', '', '', '', '', '', '', '', '', '', '', '', '', ''), ('155', '155', 'Promotion_ActIncrease', 'increaseList', 'master', 'e', '3950', '0', '', '活动列表_查看', 'int16_t:cmd_id', '', '', '', '', '', '', '', '', '', '', '', '', '', '', '', '', '', '', '', '', '', '', '', '', '', '', '', '', '', '', '', '', '', ''), ('156', '156', 'Promotion_ActIncrease', 'getIncreaseList', 'master', 'json', '3950', '0', '', '活动列表_查看', 'int16_t:cmd_id', '', '', '', '', '', '', '', '', '', '', '', '', '', '', '', '', '', '', '', '', '', '', '', '', '', '', '', '', '', '', '', '', '', ''), ('157', '157', 'Promotion_ActIncrease', 'getIncreaseInfo', 'master', 'e', '3950', '0', '', '活动列表_查看', 'int16_t:cmd_id', '', '', '', '', '', '', '', '', '', '', '', '', '', '', '', '', '', '', '', '', '', '', '', '', '', '', '', '', '', '', '', '', '', ''), ('158', '158', 'Promotion_ActIncrease', 'removeIncrease', 'master', 'json', '3980', '0', '', '活动列表_删除', 'int16_t:cmd_id', '', '', '', '', '', '', '', '', '', '', '', '', '', '', '', '', '', '', '', '', '', '', '', '', '', '', '', '', '', '', '', '', '', ''), ('159', '159', 'Promotion_Discount', 'discountList', 'master', 'e', '3990', '0', '', '活动列表_查询', 'int16_t:cmd_id', '', '', '', '', '', '', '', '', '', '', '', '', '', '', '', '', '', '', '', '', '', '', '', '', '', '', '', '', '', '', '', '', '', ''), ('160', '160', 'Promotion_Discount', 'getDiscountList', 'master', 'json', '3990', '0', '', '活动列表_查询', 'int16_t:cmd_id', '', '', '', '', '', '', '', '', '', '', '', '', '', '', '', '', '', '', '', '', '', '', '', '', '', '', '', '', '', '', '', '', '', ''), ('161', '161', 'Promotion_Discount', 'getDiscountGoodsList', 'master', 'e', '3990', '0', '', '活动列表_查询', 'int16_t:cmd_id', '', '', '', '', '', '', '', '', '', '', '', '', '', '', '', '', '', '', '', '', '', '', '', '', '', '', '', '', '', '', '', '', '', ''), ('162', '162', 'Promotion_Discount', 'getDiscountGoodsListById', 'master', 'json', '3990', '0', '', '活动列表_查询', 'int16_t:cmd_id', '', '', '', '', '', '', '', '', '', '', '', '', '', '', '', '', '', '', '', '', '', '', '', '', '', '', '', '', '', '', '', '', '', ''), ('163', '163', 'Promotion_Discount', 'removeDiscountActivity', 'master', 'json', '4010', '0', '', '活动列表_删除', 'int16_t:cmd_id', '', '', '', '', '', '', '', '', '', '', '', '', '', '', '', '', '', '', '', '', '', '', '', '', '', '', '', '', '', '', '', '', '', ''), ('164', '164', 'Promotion_Discount', 'discountQuota', 'master', 'e', '4030', '0', '', '套餐管理_查询', 'int16_t:cmd_id', '', '', '', '', '', '', '', '', '', '', '', '', '', '', '', '', '', '', '', '', '', '', '', '', '', '', '', '', '', '', '', '', '', ''), ('165', '165', 'Promotion_Discount', 'getPackageList', 'master', 'json', '4030', '0', '', '套餐管理_查询', 'int16_t:cmd_id', '', '', '', '', '', '', '', '', '', '', '', '', '', '', '', '', '', '', '', '', '', '', '', '', '', '', '', '', '', '', '', '', '', ''), ('166', '166', 'Config', 'discount', 'master', 'e', '4070', '0', '', '设置', 'int16_t:cmd_id', '', '', '', '', '', '', '', '', '', '', '', '', '', '', '', '', '', '', '', '', '', '', '', '', '', '', '', '', '', '', '', '', '', ''), ('167', '167', 'Promotion_ActGift', 'index', 'master', 'e', '4080', '0', '', '活动列表_查看', 'int16_t:cmd_id', '', '', '', '', '', '', '', '', '', '', '', '', '', '', '', '', '', '', '', '', '', '', '', '', '', '', '', '', '', '', '', '', '', ''), ('168', '168', 'Promotion_ActGift', 'getManSongList', 'master', 'json', '4080', '0', '', '活动列表_查询', 'int16_t:cmd_id', '', '', '', '', '', '', '', '', '', '', '', '', '', '', '', '', '', '', '', '', '', '', '', '', '', '', '', '', '', '', '', '', '', ''), ('169', '169', 'Promotion_ActGift', 'getManSongInfo', 'master', 'e', '4080', '0', '', '活动列表_查询', 'int16_t:cmd_id', '', '', '', '', '', '', '', '', '', '', '', '', '', '', '', '', '', '', '', '', '', '', '', '', '', '', '', '', '', '', '', '', '', ''), ('170', '170', 'Promotion_ActGift', 'removeManSongActivity', 'master', 'json', '4110', '0', '', '活动列表_删除', 'int16_t:cmd_id', '', '', '', '', '', '', '', '', '', '', '', '', '', '', '', '', '', '', '', '', '', '', '', '', '', '', '', '', '', '', '', '', '', ''), ('171', '171', 'Promotion_ActGift', 'actGiftQuota', 'master', 'e', '4120', '0', '', '套餐管理_查看', 'int16_t:cmd_id', '', '', '', '', '', '', '', '', '', '', '', '', '', '', '', '', '', '', '', '', '', '', '', '', '', '', '', '', '', '', '', '', '', ''), ('172', '172', 'Promotion_ActGift', 'getManSongQuotaList', 'master', 'json', '4120', '0', '', '套餐管理_查看', 'int16_t:cmd_id', '', '', '', '', '', '', '', '', '', '', '', '', '', '', '', '', '', '', '', '', '', '', '', '', '', '', '', '', '', '', '', '', '', ''), ('173', '173', 'Config', 'mansong', 'master', 'e', '4130', '0', '', '设置', 'int16_t:cmd_id', '', '', '', '', '', '', '', '', '', '', '', '', '', '', '', '', '', '', '', '', '', '', '', '', '', '', '', '', '', '', '', '', '', ''), ('174', '174', 'Promotion_Points', 'goods', 'master', 'e', '4140', '0', '', '礼品列表_查询', 'int16_t:cmd_id', '', '', '', '', '', '', '', '', '', '', '', '', '', '', '', '', '', '', '', '', '', '', '', '', '', '', '', '', '', '', '', '', '', ''), ('175', '175', 'Promotion_Points', 'getPointsGoodsList', 'master', 'json', '4140', '0', '', '礼品列表查询', 'int16_t:cmd_id', '', '', '', '', '', '', '', '', '', '', '', '', '', '', '', '', '', '', '', '', '', '', '', '', '', '', '', '', '', '', '', '', '', ''), ('176', '176', 'Promotion_Points', 'managePointsGoods', 'master', 'e', '4150', '0', '', '礼品列表_添加', 'int16_t:cmd_id', '', '', '', '', '', '', '', '', '', '', '', '', '', '', '', '', '', '', '', '', '', '', '', '', '', '', '', '', '', '', '', '', '', ''), ('177', '177', 'Promotion_Points', 'addPointsGoods', 'master', 'json', '4150', '0', '', '礼品列表_添加', 'int16_t:cmd_id', '', '', '', '', '', '', '', '', '', '', '', '', '', '', '', '', '', '', '', '', '', '', '', '', '', '', '', '', '', '', '', '', '', ''), ('178', '178', 'Promotion_Points', 'order', 'master', 'e', '4180', '0', '', '兑换列表_查询', 'int16_t:cmd_id', '', '', '', '', '', '', '', '', '', '', '', '', '', '', '', '', '', '', '', '', '', '', '', '', '', '', '', '', '', '', '', '', '', ''), ('179', '179', 'Promotion_Points', 'getPointsOrderList', 'master', 'json', '4180', '0', '', '兑换列表_查询', 'int16_t:cmd_id', '', '', '', '', '', '', '', '', '', '', '', '', '', '', '', '', '', '', '', '', '', '', '', '', '', '', '', '', '', '', '', '', '', ''), ('180', '180', 'Promotion_Points', 'getPointsOrderInfo', 'master', 'e', '4180', '0', '', '兑换列表_查询', 'int16_t:cmd_id', '', '', '', '', '', '', '', '', '', '', '', '', '', '', '', '', '', '', '', '', '', '', '', '', '', '', '', '', '', '', '', '', '', ''), ('181', '181', 'Promotion_Points', 'deliver', 'master', 'e', '4220', '0', '', '兑换列表，发货', 'int16_t:cmd_id', '', '', '', '', '', '', '', '', '', '', '', '', '', '', '', '', '', '', '', '', '', '', '', '', '', '', '', '', '', '', '', '', '', ''), ('182', '182', 'Promotion_Voucher', 'get', 'master', 'e', '4230', '0', '', '店铺代金券_查询', 'int16_t:cmd_id', '', '', '', '', '', '', '', '', '', '', '', '', '', '', '', '', '', '', '', '', '', '', '', '', '', '', '', '', '', '', '', '', '', ''), ('183', '183', 'Promotion_Voucher', 'getVoucherTempList', 'master', 'json', '4230', '0', '', '店铺代金券_查询', 'int16_t:cmd_id', '', '', '', '', '', '', '', '', '', '', '', '', '', '', '', '', '', '', '', '', '', '', '', '', '', '', '', '', '', '', '', '', '', ''), ('184', '184', 'Promotion_Voucher', 'getVoucherTempInfo', 'master', 'e', '4250', '0', '', '店铺代金券_编辑', 'int16_t:cmd_id', '', '', '', '', '', '', '', '', '', '', '', '', '', '', '', '', '', '', '', '', '', '', '', '', '', '', '', '', '', '', '', '', '', ''), ('185', '185', 'Promotion_Voucher', 'editVoucherTempInfo', 'master', 'json', '4250', '0', '', '店铺代金券_编辑', 'int16_t:cmd_id', '', '', '', '', '', '', '', '', '', '', '', '', '', '', '', '', '', '', '', '', '', '', '', '', '', '', '', '', '', '', '', '', '', ''), ('186', '186', 'Promotion_Voucher', 'quota', 'master', 'e', '4270', '0', '', '套餐管理_查看', 'int16_t:cmd_id', '', '', '', '', '', '', '', '', '', '', '', '', '', '', '', '', '', '', '', '', '', '', '', '', '', '', '', '', '', '', '', '', '', ''), ('187', '187', 'Promotion_Voucher', 'getQuotaList', 'master', 'json', '4270', '0', '', '套餐管理_查看', 'int16_t:cmd_id', '', '', '', '', '', '', '', '', '', '', '', '', '', '', '', '', '', '', '', '', '', '', '', '', '', '', '', '', '', '', '', '', '', ''), ('188', '188', 'Promotion_Voucher', 'price', 'master', 'e', '4280', '0', '', '面额设置_查看', 'int16_t:cmd_id', '', '', '', '', '', '', '', '', '', '', '', '', '', '', '', '', '', '', '', '', '', '', '', '', '', '', '', '', '', '', '', '', '', ''), ('189', '189', 'Promotion_Voucher', 'getPriceList', 'master', 'json', '4280', '0', '', '面额设置_查看', 'int16_t:cmd_id', '', '', '', '', '', '', '', '', '', '', '', '', '', '', '', '', '', '', '', '', '', '', '', '', '', '', '', '', '', '', '', '', '', ''), ('190', '190', 'Promotion_Voucher', 'priceManage', 'master', 'e', '4300', '0', '', '面额设置_新增', 'int16_t:cmd_id', '', '', '', '', '', '', '', '', '', '', '', '', '', '', '', '', '', '', '', '', '', '', '', '', '', '', '', '', '', '', '', '', '', ''), ('191', '191', 'Promotion_Voucher', 'checkVoucherPrice', 'master', 'json', '4320', '0', '', '面额设置_检查', 'int16_t:cmd_id', '', '', '', '', '', '', '', '', '', '', '', '', '', '', '', '', '', '', '', '', '', '', '', '', '', '', '', '', '', '', '', '', '', ''), ('192', '192', 'Promotion_Voucher', 'addVoucherPrice', 'master', 'json', '4300', '0', '', '面额设置_新增', 'int16_t:cmd_id', '', '', '', '', '', '', '', '', '', '', '', '', '', '', '', '', '', '', '', '', '', '', '', '', '', '', '', '', '', '', '', '', '', ''), ('193', '193', 'Promotion_Voucher', 'editVoucherPrice', 'master', 'json', '4290', '0', '', '面额设置_编辑', 'int16_t:cmd_id', '', '', '', '', '', '', '', '', '', '', '', '', '', '', '', '', '', '', '', '', '', '', '', '', '', '', '', '', '', '', '', '', '', ''), ('194', '194', 'Promotion_Voucher', 'priceRemove', 'master', 'json', '4310', '0', '', '面额设置_删除', 'int16_t:cmd_id', '', '', '', '', '', '', '', '', '', '', '', '', '', '', '', '', '', '', '', '', '', '', '', '', '', '', '', '', '', '', '', '', '', ''), ('195', '195', 'Config', 'voucher', 'master', 'e', '4330', '0', '', '设置', 'int16_t:cmd_id', '', '', '', '', '', '', '', '', '', '', '', '', '', '', '', '', '', '', '', '', '', '', '', '', '', '', '', '', '', '', '', '', '', ''), ('196', '196', 'Trade_Complain', 'complain', 'master', 'e', '4340', '0', '', '查看', 'int16_t:cmd_id', '', '', '', '', '', '', '', '', '', '', '', '', '', '', '', '', '', '', '', '', '', '', '', '', '', '', '', '', '', '', '', '', '', ''), ('197', '197', 'Trade_Complain', 'getComplainList', 'master', 'json', '4340', '0', '', '查看', 'int16_t:cmd_id', '', '', '', '', '', '', '', '', '', '', '', '', '', '', '', '', '', '', '', '', '', '', '', '', '', '', '', '', '', '', '', '', '', ''), ('198', '198', 'Trade_Complain', 'getComplainInfo', 'master', 'e', '4350', '0', '', '编辑', 'int16_t:cmd_id', '', '', '', '', '', '', '', '', '', '', '', '', '', '', '', '', '', '', '', '', '', '', '', '', '', '', '', '', '', '', '', '', '', ''), ('199', '199', 'Trade_Complain', 'getComplainTalk', 'master', 'json', '4350', '0', '', '编辑', 'int16_t:cmd_id', '', '', '', '', '', '', '', '', '', '', '', '', '', '', '', '', '', '', '', '', '', '', '', '', '', '', '', '', '', '', '', '', '', ''), ('200', '200', 'Trade_Complain', 'handleComplain', 'master', 'json', '4370', '0', '', '关闭', 'int16_t:cmd_id', '', '', '', '', '', '', '', '', '', '', '', '', '', '', '', '', '', '', '', '', '', '', '', '', '', '', '', '', '', '', '', '', '', ''), ('201', '201', 'Trade_Complain', 'verifyComplain', 'master', 'json', '4360', '0', '', '审核', 'int16_t:cmd_id', '', '', '', '', '', '', '', '', '', '', '', '', '', '', '', '', '', '', '', '', '', '', '', '', '', '', '', '', '', '', '', '', '', ''), ('202', '202', 'Trade_Complain', 'subject', 'master', 'e', '4380', '0', '', '主题设置_查看', 'int16_t:cmd_id', '', '', '', '', '', '', '', '', '', '', '', '', '', '', '', '', '', '', '', '', '', '', '', '', '', '', '', '', '', '', '', '', '', ''), ('203', '203', 'Trade_Complain', 'getComplainSubjectList', 'master', 'json', '4380', '0', '', '主题设置_查看', 'int16_t:cmd_id', '', '', '', '', '', '', '', '', '', '', '', '', '', '', '', '', '', '', '', '', '', '', '', '', '', '', '', '', '', '', '', '', '', ''), ('204', '204', 'Trade_Complain', 'subject_manage', 'master', 'e', '4400', '0', '', '主题设置_新增', 'int16_t:cmd_id', '', '', '', '', '', '', '', '', '', '', '', '', '', '', '', '', '', '', '', '', '', '', '', '', '', '', '', '', '', '', '', '', '', ''), ('205', '205', 'Trade_Complain', 'addComplainSubject', 'master', 'json', '4400', '0', '', '主题设置_新增', 'int16_t:cmd_id', '', '', '', '', '', '', '', '', '', '', '', '', '', '', '', '', '', '', '', '', '', '', '', '', '', '', '', '', '', '', '', '', '', ''), ('206', '206', 'Trade_Complain', 'delComplainSubjectById', 'master', 'json', '4410', '0', '', '主题设置_删除', 'int16_t:cmd_id', '', '', '', '', '', '', '', '', '', '', '', '', '', '', '', '', '', '', '', '', '', '', '', '', '', '', '', '', '', '', '', '', '', ''), ('207', '207', 'Trade_Complain', 'setting', 'master', 'e', '4420', '0', '', '设置', 'int16_t:cmd_id', '', '', '', '', '', '', '', '', '', '', '', '', '', '', '', '', '', '', '', '', '', '', '', '', '', '', '', '', '', '', '', '', '', ''), ('500', '500', 'Config', 'shop', 'master', 'e', '5000', '0', '', '商城设置_查询', 'int16_t:cmd_id', '', '', '', '', '', '', '', '', '', '', '', '', '', '', '', '', '', '', '', '', '', '', '', '', '', '', '', '', '', '', '', '', '', ''), ('501', '501', 'Config', 'edit', 'master', 'json', '5010', '0', '', '商城设置_编辑', 'int16_t:cmd_id', '', '', '', '', '', '', '', '', '', '', '', '', '', '', '', '', '', '', '', '', '', '', '', '', '', '', '', '', '', '', '', '', '', ''), ('502', '502', 'Config', 'dumps', 'master', 'e', '5020', '0', '', '防灌水设置_查询', 'int16_t:cmd_id', '', '', '', '', '', '', '', '', '', '', '', '', '', '', '', '', '', '', '', '', '', '', '', '', '', '', '', '', '', '', '', '', '', ''), ('503', '503', 'Config', 'edit', 'master', 'json', '5030', '0', '', '防灌水设置_编辑', 'int16_t:cmd_id', '', '', '', '', '', '', '', '', '', '', '', '', '', '', '', '', '', '', '', '', '', '', '', '', '', '', '', '', '', '', '', '', '', ''), ('504', '504', 'Config', 'photo', 'master', 'e', '5040', '0', '', '默认图片_查询', 'int16_t:cmd_id', '', '', '', '', '', '', '', '', '', '', '', '', '', '', '', '', '', '', '', '', '', '', '', '', '', '', '', '', '', '', '', '', '', ''), ('505', '505', 'Config', 'edit', 'master', 'json', '5050', '0', '', '默认图片_编辑', 'int16_t:cmd_id', '', '', '', '', '', '', '', '', '', '', '', '', '', '', '', '', '', '', '', '', '', '', '', '', '', '', '', '', '', '', '', '', '', ''), ('506', '506', 'Config', 'photo', 'master', 'e', '5060', '0', '', '水印字体-查询', 'int16_t:cmd_id', '', '', '', '', '', '', '', '', '', '', '', '', '', '', '', '', '', '', '', '', '', '', '', '', '', '', '', '', '', '', '', '', '', ''), ('507', '507', 'Config', 'edit', 'master', 'json', '5070', '0', '', '水印字体-编辑', 'int16_t:cmd_id', '', '', '', '', '', '', '', '', '', '', '', '', '', '', '', '', '', '', '', '', '', '', '', '', '', '', '', '', '', '', '', '', '', ''), ('508', '508', 'Config', 'search', 'master', 'e', '5080', '0', '', '默认搜索_查询', 'int16_t:cmd_id', '', '', '', '', '', '', '', '', '', '', '', '', '', '', '', '', '', '', '', '', '', '', '', '', '', '', '', '', '', '', '', '', '', ''), ('509', '509', 'Config', 'edit', 'master', 'json', '5090', '0', '', '默认搜索_编辑', 'int16_t:cmd_id', '', '', '', '', '', '', '', '', '', '', '', '', '', '', '', '', '', '', '', '', '', '', '', '', '', '', '', '', '', '', '', '', '', ''), ('510', '510', 'Base_Search', 'search', 'master', 'e', '5100', '0', '', '热门搜索_查询', 'int16_t:cmd_id', '', '', '', '', '', '', '', '', '', '', '', '', '', '', '', '', '', '', '', '', '', '', '', '', '', '', '', '', '', '', '', '', '', ''), ('511', '511', 'Base_Search', 'getSearchList', 'master', 'json', '5100', '0', '', '热门搜索_查询', 'int16_t:cmd_id', '', '', '', '', '', '', '', '', '', '', '', '', '', '', '', '', '', '', '', '', '', '', '', '', '', '', '', '', '', '', '', '', '', ''), ('512', '512', 'Base_Search', 'manage', 'master', 'e', '5110', '0', '', '热门搜索_增加', 'int16_t:cmd_id', '', '', '', '', '', '', '', '', '', '', '', '', '', '', '', '', '', '', '', '', '', '', '', '', '', '', '', '', '', '', '', '', '', ''), ('513', '513', 'Base_Search', 'get', 'master', 'json', '5110', '0', '', '热门搜索_增加', 'int16_t:cmd_id', '', '', '', '', '', '', '', '', '', '', '', '', '', '', '', '', '', '', '', '', '', '', '', '', '', '', '', '', '', '', '', '', '', ''), ('514', '514', 'Base_Search', 'add', 'master', 'json', '5110', '0', '', '热门搜索_增加', 'int16_t:cmd_id', '', '', '', '', '', '', '', '', '', '', '', '', '', '', '', '', '', '', '', '', '', '', '', '', '', '', '', '', '', '', '', '', '', ''), ('515', '515', 'Base_Search', 'edit', 'master', 'json', '5120', '0', '', '热门搜索_编辑', 'int16_t:cmd_id', '', '', '', '', '', '', '', '', '', '', '', '', '', '', '', '', '', '', '', '', '', '', '', '', '', '', '', '', '', '', '', '', '', ''), ('516', '516', 'Base_Search', 'del', 'master', 'json', '5130', '0', '', '热门搜索_删除', 'int16_t:cmd_id', '', '', '', '', '', '', '', '', '', '', '', '', '', '', '', '', '', '', '', '', '', '', '', '', '', '', '', '', '', '', '', '', '', ''), ('518', '518', 'Config', 'seo', 'master', 'e', '5140', '0', '', 'seo首页_查询', 'int16_t:cmd_id', '', '', '', '', '', '', '', '', '', '', '', '', '', '', '', '', '', '', '', '', '', '', '', '', '', '', '', '', '', '', '', '', '', ''), ('519', '519', 'Config', 'edit', 'master', 'json', '5150', '0', '', 'seo首页_编辑', 'int16_t:cmd_id', '', '', '', '', '', '', '', '', '', '', '', '', '', '', '', '', '', '', '', '', '', '', '', '', '', '', '', '', '', '', '', '', '', ''), ('520', '520', 'News_Message', 'template', 'master', 'e', '5160', '0', '', '消息模板_查询', 'int16_t:cmd_id', '', '', '', '', '', '', '', '', '', '', '', '', '', '', '', '', '', '', '', '', '', '', '', '', '', '', '', '', '', '', '', '', '', ''), ('521', '521', 'News_Message', 'getMessageList', 'master', 'json', '5160', '0', '', '消息模板_查询', 'int16_t:cmd_id', '', '', '', '', '', '', '', '', '', '', '', '', '', '', '', '', '', '', '', '', '', '', '', '', '', '', '', '', '', '', '', '', '', ''), ('522', '522', 'News_Message', 'getTemplateInfo', 'master', 'e', '5170', '0', '', '消息模板_编辑', 'int16_t:cmd_id', '', '', '', '', '', '', '', '', '', '', '', '', '', '', '', '', '', '', '', '', '', '', '', '', '', '', '', '', '', '', '', '', '', ''), ('523', '523', 'News_Message', 'editTemplateMail', 'master', 'json', '5170', '0', '', '站内信_编辑', 'int16_t:cmd_id', '', '', '', '', '', '', '', '', '', '', '', '', '', '', '', '', '', '', '', '', '', '', '', '', '', '', '', '', '', '', '', '', '', ''), ('524', '524', 'News_Message', 'editTemplatePhone', 'master', 'json', '5170', '0', '', '短信_编辑', 'int16_t:cmd_id', '', '', '', '', '', '', '', '', '', '', '', '', '', '', '', '', '', '', '', '', '', '', '', '', '', '', '', '', '', '', '', '', '', ''), ('525', '525', 'News_Message', 'editTemplateEmail', 'master', 'json', '5170', '0', '', '邮箱_编辑', 'int16_t:cmd_id', '', '', '', '', '', '', '', '', '', '', '', '', '', '', '', '', '', '', '', '', '', '', '', '', '', '', '', '', '', '', '', '', '', ''), ('526', '526', 'Logistics_Express', 'express', 'master', 'e', '5180', '0', '', '快递公司_查询', 'int16_t:cmd_id', '', '', '', '', '', '', '', '', '', '', '', '', '', '', '', '', '', '', '', '', '', '', '', '', '', '', '', '', '', '', '', '', '', ''), ('527', '527', 'Logistics_Express', 'getExpressList', 'master', 'json', '5180', '0', '', '快递公司_查询', 'int16_t:cmd_id', '', '', '', '', '', '', '', '', '', '', '', '', '', '', '', '', '', '', '', '', '', '', '', '', '', '', '', '', '', '', '', '', '', ''), ('530', '530', 'Logistics_Express', 'manageExpress', 'master', 'e', '5190', '0', '', '快递公司_编辑', 'int16_t:cmd_id', '', '', '', '', '', '', '', '', '', '', '', '', '', '', '', '', '', '', '', '', '', '', '', '', '', '', '', '', '', '', '', '', '', ''), ('531', '531', 'Logistics_Express', 'editExpress', 'master', 'json', '5190', '0', '', '快递公司_编辑', 'int16_t:cmd_id', '', '', '', '', '', '', '', '', '', '', '', '', '', '', '', '', '', '', '', '', '', '', '', '', '', '', '', '', '', '', '', '', '', ''), ('532', '532', 'Logistics_Waybill', 'tpl', 'master', 'e', '5200', '0', '', '运单模板_查询', 'int16_t:cmd_id', '', '', '', '', '', '', '', '', '', '', '', '', '', '', '', '', '', '', '', '', '', '', '', '', '', '', '', '', '', '', '', '', '', ''), ('533', '533', 'Logistics_Waybill', 'getWaybillTplList', 'master', 'json', '5200', '0', '', '运单模板_查询', 'int16_t:cmd_id', '', '', '', '', '', '', '', '', '', '', '', '', '', '', '', '', '', '', '', '', '', '', '', '', '', '', '', '', '', '', '', '', '', ''), ('534', '534', 'Logistics_Waybill', 'addWaybillTpl', 'master', 'e', '5210', '0', '', '运单模板_增加', 'int16_t:cmd_id', '', '', '', '', '', '', '', '', '', '', '', '', '', '', '', '', '', '', '', '', '', '', '', '', '', '', '', '', '', '', '', '', '', ''), ('535', '535', 'Logistics_Waybill', 'addWaybillTplDetail', 'master', 'json', '5210', '0', '', '运单模板_增加', 'int16_t:cmd_id', '', '', '', '', '', '', '', '', '', '', '', '', '', '', '', '', '', '', '', '', '', '', '', '', '', '', '', '', '', '', '', '', '', ''), ('536', '536', 'Logistics_Waybill', 'editWaybillTpl', 'master', 'e', '5220', '0', '', '运单模板_编辑', 'int16_t:cmd_id', '', '', '', '', '', '', '', '', '', '', '', '', '', '', '', '', '', '', '', '', '', '', '', '', '', '', '', '', '', '', '', '', '', ''), ('537', '537', 'Logistics_Waybill', 'editWaybillTplDetail', 'master', 'json', '5220', '0', '', '运单模板_编辑', 'int16_t:cmd_id', '', '', '', '', '', '', '', '', '', '', '', '', '', '', '', '', '', '', '', '', '', '', '', '', '', '', '', '', '', '', '', '', '', ''), ('538', '538', 'Logistics_Waybill', 'delWaybillTpl', 'master', 'json', '5230', '0', '', '运单模板_删除', 'int16_t:cmd_id', '', '', '', '', '', '', '', '', '', '', '', '', '', '', '', '', '', '', '', '', '', '', '', '', '', '', '', '', '', '', '', '', '', ''), ('539', '539', 'User_Info', 'info', 'master', 'e', '5240', '0', '', '会员管理_查询', 'int16_t:cmd_id', '', '', '', '', '', '', '', '', '', '', '', '', '', '', '', '', '', '', '', '', '', '', '', '', '', '', '', '', '', '', '', '', '', ''), ('540', '540', 'User_Info', 'getInfoList', 'master', 'json', '5240', '0', '', '会员管理_查询', 'int16_t:cmd_id', '', '', '', '', '', '', '', '', '', '', '', '', '', '', '', '', '', '', '', '', '', '', '', '', '', '', '', '', '', '', '', '', '', ''), ('541', '541', 'User_Info', 'editInfo', 'master', 'e', '5250', '0', '', '会员管理_编辑', 'int16_t:cmd_id', '', '', '', '', '', '', '', '', '', '', '', '', '', '', '', '', '', '', '', '', '', '', '', '', '', '', '', '', '', '', '', '', '', ''), ('542', '542', 'User_Info', 'editUserInfo', 'master', 'json', '5250', '0', '', '会员管理_编辑', 'int16_t:cmd_id', '', '', '', '', '', '', '', '', '', '', '', '', '', '', '', '', '', '', '', '', '', '', '', '', '', '', '', '', '', '', '', '', '', ''), ('543', '543', 'User_Grade', 'grade', 'master', 'e', '5260', '0', '', '经验值明细_查询', 'int16_t:cmd_id', '', '', '', '', '', '', '', '', '', '', '', '', '', '', '', '', '', '', '', '', '', '', '', '', '', '', '', '', '', '', '', '', '', ''), ('544', '544', 'User_Grade', 'getGradeList', 'master', 'json', '5260', '0', '', '经验值明细_查询', 'int16_t:cmd_id', '', '', '', '', '', '', '', '', '', '', '', '', '', '', '', '', '', '', '', '', '', '', '', '', '', '', '', '', '', '', '', '', '', ''), ('545', '545', 'Config', 'grade', 'master', 'e', '5270', '0', '', '规则设置_查询', 'int16_t:cmd_id', '', '', '', '', '', '', '', '', '', '', '', '', '', '', '', '', '', '', '', '', '', '', '', '', '', '', '', '', '', '', '', '', '', ''), ('546', '546', 'Config', 'edit', 'master', 'json', '5280', '0', '', '规则设置_编辑', 'int16_t:cmd_id', '', '', '', '', '', '', '', '', '', '', '', '', '', '', '', '', '', '', '', '', '', '', '', '', '', '', '', '', '', '', '', '', '', ''), ('547', '547', 'User_Grade', 'setGrade', 'master', 'e', '5290', '0', '', '等级设置_查询', 'int16_t:cmd_id', '', '', '', '', '', '', '', '', '', '', '', '', '', '', '', '', '', '', '', '', '', '', '', '', '', '', '', '', '', '', '', '', '', ''), ('548', '548', 'User_Grade', 'editGradeLog', 'master', 'json', '5300', '0', '', '等级设置_编辑', 'int16_t:cmd_id', '', '', '', '', '', '', '', '', '', '', '', '', '', '', '', '', '', '', '', '', '', '', '', '', '', '', '', '', '', '', '', '', '', ''), ('549', '549', 'User_Points', 'points', 'master', 'e', '5310', '0', '', '积分明细_查询', 'int16_t:cmd_id', '', '', '', '', '', '', '', '', '', '', '', '', '', '', '', '', '', '', '', '', '', '', '', '', '', '', '', '', '', '', '', '', '', ''), ('550', '550', 'User_Points', 'getPointsList', 'master', 'json', '5310', '0', '', '积分明细_查询', 'int16_t:cmd_id', '', '', '', '', '', '', '', '', '', '', '', '', '', '', '', '', '', '', '', '', '', '', '', '', '', '', '', '', '', '', '', '', '', ''), ('551', '551', 'Config', 'points', 'master', 'e', '5320', '0', '', '规则设置_查询', 'int16_t:cmd_id', '', '', '', '', '', '', '', '', '', '', '', '', '', '', '', '', '', '', '', '', '', '', '', '', '', '', '', '', '', '', '', '', '', ''), ('552', '552', 'Config', 'edit', 'master', 'json', '5330', '0', '', '规则设置_编辑', 'int16_t:cmd_id', '', '', '', '', '', '', '', '', '', '', '', '', '', '', '', '', '', '', '', '', '', '', '', '', '', '', '', '', '', '', '', '', '', ''), ('553', '553', 'User_Points', 'addPoints', 'master', 'e', '5340', '0', '', '积分增减_查询', 'int16_t:cmd_id', '', '', '', '', '', '', '', '', '', '', '', '', '', '', '', '', '', '', '', '', '', '', '', '', '', '', '', '', '', '', '', '', '', ''), ('554', '554', 'User_Points', 'addPointsLog', 'master', 'json', '5350', '0', '', '积分增减_编辑', 'int16_t:cmd_id', '', '', '', '', '', '', '', '', '', '', '', '', '', '', '', '', '', '', '', '', '', '', '', '', '', '', '', '', '', '', '', '', '', ''), ('555', '555', 'User_Tag', 'tag', 'master', 'e', '5360', '0', '', '会员标签_查询', 'int16_t:cmd_id', '', '', '', '', '', '', '', '', '', '', '', '', '', '', '', '', '', '', '', '', '', '', '', '', '', '', '', '', '', '', '', '', '', ''), ('556', '556', 'User_Tag', 'getUserTagList', 'master', 'json', '5360', '0', '', '会员标签_查询', 'int16_t:cmd_id', '', '', '', '', '', '', '', '', '', '', '', '', '', '', '', '', '', '', '', '', '', '', '', '', '', '', '', '', '', '', '', '', '', ''), ('557', '557', 'User_Tag', 'addUserTag', 'master', 'e', '5370', '0', '', '会员标签_增加', 'int16_t:cmd_id', '', '', '', '', '', '', '', '', '', '', '', '', '', '', '', '', '', '', '', '', '', '', '', '', '', '', '', '', '', '', '', '', '', ''), ('558', '558', 'User_Tag', 'addUserTagDetail', 'master', 'json', '5370', '0', '', '会员标签_增加', 'int16_t:cmd_id', '', '', '', '', '', '', '', '', '', '', '', '', '', '', '', '', '', '', '', '', '', '', '', '', '', '', '', '', '', '', '', '', '', ''), ('559', '559', 'User_Tag', 'editUserTag', 'master', 'e', '5380', '0', '', '会员标签_编辑', 'int16_t:cmd_id', '', '', '', '', '', '', '', '', '', '', '', '', '', '', '', '', '', '', '', '', '', '', '', '', '', '', '', '', '', '', '', '', '', ''), ('560', '560', 'User_Tag', 'editUserTagDetail', 'master', 'json', '5380', '0', '', '会员标签_编辑', 'int16_t:cmd_id', '', '', '', '', '', '', '', '', '', '', '', '', '', '', '', '', '', '', '', '', '', '', '', '', '', '', '', '', '', '', '', '', '', ''), ('561', '561', 'User_Tag', 'delUserTag', 'master', 'json', '5390', '0', '', '会员标签_删除', 'int16_t:cmd_id', '', '', '', '', '', '', '', '', '', '', '', '', '', '', '', '', '', '', '', '', '', '', '', '', '', '', '', '', '', '', '', '', '', ''), ('562', '562', 'User_Message', 'message', 'master', 'e', '5400', '0', '', '会员消息_查询', 'int16_t:cmd_id', '', '', '', '', '', '', '', '', '', '', '', '', '', '', '', '', '', '', '', '', '', '', '', '', '', '', '', '', '', '', '', '', '', ''), ('563', '563', 'User_Message', 'getMessageList', 'master', 'json', '5400', '0', '', '会员消息_查询', 'int16_t:cmd_id', '', '', '', '', '', '', '', '', '', '', '', '', '', '', '', '', '', '', '', '', '', '', '', '', '', '', '', '', '', '', '', '', '', ''), ('800', '800', 'Shop_Manage', 'indexs', 'master', 'e', '8000', '0', '', '商城设置_查看', 'int16_t:cmd_id', '', '', '', '', '', '', '', '', '', '', '', '', '', '', '', '', '', '', '', '', '', '', '', '', '', '', '', '', '', '', '', '', '', ''), ('810', '810', 'Shop_Manage', 'shopIndex', 'master', 'json', '8000', '0', '', '商城设置_查看', 'int16_t:cmd_id', '', '', '', '', '', '', '', '', '', '', '', '', '', '', '', '', '', '', '', '', '', '', '', '', '', '', '', '', '', '', '', '', '', ''), ('820', '820', 'Shop_Manage', 'getShoplist', 'master', 'e', '8040', '0', '', '查看注册信息', 'int16_t:cmd_id', '', '', '', '', '', '', '', '', '', '', '', '', '', '', '', '', '', '', '', '', '', '', '', '', '', '', '', '', '', '', '', '', '', ''), ('830', '830', 'Shop_Manage', 'getinformationrow', 'master', 'e', '8020', '0', '', '查看店铺信息', 'int16_t:cmd_id', '', '', '', '', '', '', '', '', '', '', '', '', '', '', '', '', '', '', '', '', '', '', '', '', '', '', '', '', '', '', '', '', '', ''), ('840', '840', 'Shop_Manage', 'editShopinformation', 'master', 'json', '8030', '0', '', '编辑店铺信息', 'int16_t:cmd_id', '', '', '', '', '', '', '', '', '', '', '', '', '', '', '', '', '', '', '', '', '', '', '', '', '', '', '', '', '', '', '', '', '', ''), ('850', '850', 'Shop_Manage', 'editCategory', 'master', 'e', '8050', '0', '', '查看经营类目', 'int16_t:cmd_id', '', '', '', '', '', '', '', '', '', '', '', '', '', '', '', '', '', '', '', '', '', '', '', '', '', '', '', '', '', '', '', '', '', ''), ('870', '870', 'Shop_Manage', 'addShopCategory', 'master', 'e', '8070', '0', '', '新增经营类目', 'int16_t:cmd_id', '', '', '', '', '', '', '', '', '', '', '', '', '', '', '', '', '', '', '', '', '', '', '', '', '', '', '', '', '', '', '', '', '', ''), ('880', '880', 'Shop_Manage', 'addShopCategoryRow', 'master', 'json', '8070', '0', '', '新增经营类目', 'int16_t:cmd_id', '', '', '', '', '', '', '', '', '', '', '', '', '', '', '', '', '', '', '', '', '', '', '', '', '', '', '', '', '', '', '', '', '', ''), ('890', '890', 'Shop_Manage', 'editShopCategory', 'master', 'e', '8060', '0', '', '编辑经营类目', 'int16_t:cmd_id', '', '', '', '', '', '', '', '', '', '', '', '', '', '', '', '', '', '', '', '', '', '', '', '', '', '', '', '', '', '', '', '', '', ''), ('900', '900', 'Shop_Manage', 'editShopCategoryRow', 'master', 'json', '8060', '0', '', '编辑经营类目', 'int16_t:cmd_id', '', '', '', '', '', '', '', '', '', '', '', '', '', '', '', '', '', '', '', '', '', '', '', '', '', '', '', '', '', '', '', '', '', ''), ('910', '910', 'Shop_Manage', 'delCategory', 'master', 'json', '8080', '0', '', '删除经营类目', 'int16_t:cmd_id', '', '', '', '', '', '', '', '', '', '', '', '', '', '', '', '', '', '', '', '', '', '', '', '', '', '', '', '', '', '', '', '', '', ''), ('920', '920', 'Shop_Manage', 'join', 'master', 'e', '8090', '0', '', '审核开店信息_查看', 'int16_t:cmd_id', '', '', '', '', '', '', '', '', '', '', '', '', '', '', '', '', '', '', '', '', '', '', '', '', '', '', '', '', '', '', '', '', '', ''), ('930', '930', 'Shop_Manage', 'shopJoin', 'master', 'json', '8090', '0', '', '审核开店信息_查看', 'int16_t:cmd_id', '', '', '', '', '', '', '', '', '', '', '', '', '', '', '', '', '', '', '', '', '', '', '', '', '', '', '', '', '', '', '', '', '', ''), ('940', '940', 'Shop_Manage', 'getShoplist', 'master', 'e', '8090', '0', '', '审核开店信息_查看', 'int16_t:cmd_id', '', '', '', '', '', '', '', '', '', '', '', '', '', '', '', '', '', '', '', '', '', '', '', '', '', '', '', '', '', '', '', '', '', ''), ('950', '950', 'Shop_Manage', 'editShopStatus', 'master', 'json', '8100', '0', '', '审核开店信息_审核', 'int16_t:cmd_id', '', '', '', '', '', '', '', '', '', '', '', '', '', '', '', '', '', '', '', '', '', '', '', '', '', '', '', '', '', '', '', '', '', ''), ('960', '960', 'Shop_Manage', 'shopPay', 'master', 'e', '8110', '0', '', '审核店铺付款_查看', 'int16_t:cmd_id', '', '', '', '', '', '', '', '', '', '', '', '', '', '', '', '', '', '', '', '', '', '', '', '', '', '', '', '', '', '', '', '', '', ''), ('970', '970', 'Shop_Manage', 'shopPay', 'master', 'e', '8110', '0', '', '审核店铺付款_查看', 'int16_t:cmd_id', '', '', '', '', '', '', '', '', '', '', '', '', '', '', '', '', '', '', '', '', '', '', '', '', '', '', '', '', '', '', '', '', '', ''), ('980', '980', 'Shop_Manage', 'getShoplist', 'master', 'e', '8110', '0', '', '审核店铺付款_查看', 'int16_t:cmd_id', '', '', '', '', '', '', '', '', '', '', '', '', '', '', '', '', '', '', '', '', '', '', '', '', '', '', '', '', '', '', '', '', '', ''), ('990', '990', 'Shop_Manage', 'editShopStatus', 'master', 'json', '8120', '0', '', '审核店铺付款_审核', 'int16_t:cmd_id', '', '', '', '', '', '', '', '', '', '', '', '', '', '', '', '', '', '', '', '', '', '', '', '', '', '', '', '', '', '', '', '', '', ''), ('1000', '1000', 'Shop_Manage', 'reopen', 'master', 'e', '8130', '0', '', '续签申请_查看', 'int16_t:cmd_id', '', '', '', '', '', '', '', '', '', '', '', '', '', '', '', '', '', '', '', '', '', '', '', '', '', '', '', '', '', '', '', '', '', ''), ('1010', '1010', 'Shop_Manage', 'reopenlist', 'master', 'json', '8130', '0', '', '续签申请_查看', 'int16_t:cmd_id', '', '', '', '', '', '', '', '', '', '', '', '', '', '', '', '', '', '', '', '', '', '', '', '', '', '', '', '', '', '', '', '', '', ''), ('1020', '1020', 'Shop_Manage', 'delReopen', 'master', 'json', '8140', '0', '', '续签申请_删除', 'int16_t:cmd_id', '', '', '', '', '', '', '', '', '', '', '', '', '', '', '', '', '', '', '', '', '', '', '', '', '', '', '', '', '', '', '', '', '', ''), ('1030', '1030', 'Shop_Manage', 'category', 'master', 'e', '8150', '0', '', '经营类目申请_查看', 'int16_t:cmd_id', '', '', '', '', '', '', '', '', '', '', '', '', '', '', '', '', '', '', '', '', '', '', '', '', '', '', '', '', '', '', '', '', '', ''), ('1040', '1040', 'Shop_Manage', 'getCategory', 'master', 'json', '8150', '0', '', '经营类目申请_查看', 'int16_t:cmd_id', '', '', '', '', '', '', '', '', '', '', '', '', '', '', '', '', '', '', '', '', '', '', '', '', '', '', '', '', '', '', '', '', '', ''), ('1050', '1050', 'Shop_Manage', 'delCategory', 'master', 'json', '8160', '0', '', '经营类目申请_删除', 'int16_t:cmd_id', '', '', '', '', '', '', '', '', '', '', '', '', '', '', '', '', '', '', '', '', '', '', '', '', '', '', '', '', '', '', '', '', '', ''), ('1060', '1060', 'Shop_Manage', 'settlement', 'master', 'e', '8170', '0', '', '结算周期设置_查看', 'int16_t:cmd_id', '', '', '', '', '', '', '', '', '', '', '', '', '', '', '', '', '', '', '', '', '', '', '', '', '', '', '', '', '', '', '', '', '', ''), ('1070', '1070', 'Shop_Manage', 'getSettlement', 'master', 'json', '8170', '0', '', '结算周期设置_查看', 'int16_t:cmd_id', '', '', '', '', '', '', '', '', '', '', '', '', '', '', '', '', '', '', '', '', '', '', '', '', '', '', '', '', '', '', '', '', '', ''), ('1080', '1080', 'Shop_manage', 'getSettlementRow', 'master', 'e', '8180', '0', '', '结算周期设置_编辑', 'int16_t:cmd_id', '', '', '', '', '', '', '', '', '', '', '', '', '', '', '', '', '', '', '', '', '', '', '', '', '', '', '', '', '', '', '', '', '', ''), ('1090', '1090', 'Shop_manage', 'editSettlementRow', 'master', 'json', '8180', '0', '', '结算周期设置_编辑', 'int16_t:cmd_id', '', '', '', '', '', '', '', '', '', '', '', '', '', '', '', '', '', '', '', '', '', '', '', '', '', '', '', '', '', '', '', '', '', ''), ('1100', '1100', 'Shop_Grade', 'indexs', 'master', 'e', '8190', '0', '', '店铺等级_查看', 'int16_t:cmd_id', '', '', '', '', '', '', '', '', '', '', '', '', '', '', '', '', '', '', '', '', '', '', '', '', '', '', '', '', '', '', '', '', '', ''), ('1110', '1110', 'Shop_Grade', 'shopIndex', 'master', 'json', '8190', '0', '', '店铺等级_查看', 'int16_t:cmd_id', '', '', '', '', '', '', '', '', '', '', '', '', '', '', '', '', '', '', '', '', '', '', '', '', '', '', '', '', '', '', '', '', '', ''), ('1120', '1120', 'Shop_Grade', 'addShopLevel', 'master', 'e', '8200', '0', '', '店铺等级_新增', 'int16_t:cmd_id', '', '', '', '', '', '', '', '', '', '', '', '', '', '', '', '', '', '', '', '', '', '', '', '', '', '', '', '', '', '', '', '', '', ''), ('1130', '1130', 'Shop_Grade', 'addShopLevelrow', 'master', 'json', '8200', '0', '', '店铺等级_新增', 'int16_t:cmd_id', '', '', '', '', '', '', '', '', '', '', '', '', '', '', '', '', '', '', '', '', '', '', '', '', '', '', '', '', '', '', '', '', '', ''), ('1140', '1140', 'Shop_Grade', 'editShopLevel', 'master', 'e', '8210', '0', '', '店铺等级_编辑', 'int16_t:cmd_id', '', '', '', '', '', '', '', '', '', '', '', '', '', '', '', '', '', '', '', '', '', '', '', '', '', '', '', '', '', '', '', '', '', ''), ('1150', '1150', 'Shop_Grade', 'editShopLevelrow', 'master', 'json', '8210', '0', '', '店铺等级_编辑', 'int16_t:cmd_id', '', '', '', '', '', '', '', '', '', '', '', '', '', '', '', '', '', '', '', '', '', '', '', '', '', '', '', '', '', '', '', '', '', ''), ('1160', '1160', 'Shop_Grade', 'getTemplist', 'master', 'e', '8230', '0', '', '店铺等级_选择模版', 'int16_t:cmd_id', '', '', '', '', '', '', '', '', '', '', '', '', '', '', '', '', '', '', '', '', '', '', '', '', '', '', '', '', '', '', '', '', '', ''), ('1170', '1170', 'Shop_Grade', 'editGradeTemp', 'master', 'json', '8230', '0', '', '店铺等级_选择模版', 'int16_t:cmd_id', '', '', '', '', '', '', '', '', '', '', '', '', '', '', '', '', '', '', '', '', '', '', '', '', '', '', '', '', '', '', '', '', '', ''), ('1180', '1180', 'Shop_Grade', 'delShopLevel', 'master', 'json', '8220', '0', '', '店铺等级_删除', 'int16_t:cmd_id', '', '', '', '', '', '', '', '', '', '', '', '', '', '', '', '', '', '', '', '', '', '', '', '', '', '', '', '', '', '', '', '', '', ''), ('1190', '1190', 'Shop_Class', 'indexs', 'master', 'e', '8240', '0', '', '店铺分类_查看', 'int16_t:cmd_id', '', '', '', '', '', '', '', '', '', '', '', '', '', '', '', '', '', '', '', '', '', '', '', '', '', '', '', '', '', '', '', '', '', ''), ('1200', '1200', 'Shop_Class', 'shopIndex', 'master', 'json', '8240', '0', '', '店铺分类_查看', 'int16_t:cmd_id', '', '', '', '', '', '', '', '', '', '', '', '', '', '', '', '', '', '', '', '', '', '', '', '', '', '', '', '', '', '', '', '', '', ''), ('1210', '1210', 'Shop_Class', 'addShopClass', 'master', 'e', '8250', '0', '', '店铺分类_新增', 'int16_t:cmd_id', '', '', '', '', '', '', '', '', '', '', '', '', '', '', '', '', '', '', '', '', '', '', '', '', '', '', '', '', '', '', '', '', '', ''), ('1220', '1220', 'Shop_Class', 'addShopClassrow', 'master', 'json', '8250', '0', '', '店铺分类_新增', 'int16_t:cmd_id', '', '', '', '', '', '', '', '', '', '', '', '', '', '', '', '', '', '', '', '', '', '', '', '', '', '', '', '', '', '', '', '', '', ''), ('1230', '1230', 'Shop_Class', 'editShopClass', 'master', 'e', '8260', '0', '', '店铺分类_编辑', 'int16_t:cmd_id', '', '', '', '', '', '', '', '', '', '', '', '', '', '', '', '', '', '', '', '', '', '', '', '', '', '', '', '', '', '', '', '', '', ''), ('1240', '1240', 'Shop_Class', 'editShopClassrow', 'master', 'json', '8260', '0', '', '店铺分类_编辑', 'int16_t:cmd_id', '', '', '', '', '', '', '', '', '', '', '', '', '', '', '', '', '', '', '', '', '', '', '', '', '', '', '', '', '', '', '', '', '', ''), ('1250', '1250', 'Shop_class', 'delShopclass', 'master', 'json', '8270', '0', '', '店铺分类_删除', 'int16_t:cmd_id', '', '', '', '', '', '', '', '', '', '', '', '', '', '', '', '', '', '', '', '', '', '', '', '', '', '', '', '', '', '', '', '', '', ''), ('1260', '1260', 'Config', 'domain', 'master', 'e', '8280', '0', '', '二级域名_查看', 'int16_t:cmd_id', '', '', '', '', '', '', '', '', '', '', '', '', '', '', '', '', '', '', '', '', '', '', '', '', '', '', '', '', '', '', '', '', '', ''), ('1270', '1270', 'Config', 'edit', 'master', 'json', '8290', '0', '', '二级域名_编辑', 'int16_t:cmd_id', '', '', '', '', '', '', '', '', '', '', '', '', '', '', '', '', '', '', '', '', '', '', '', '', '', '', '', '', '', '', '', '', '', ''), ('1280', '1280', 'Shop_Domain', 'indexs', 'master', 'e', '8300', '0', '', '地域列表_查看', 'int16_t:cmd_id', '', '', '', '', '', '', '', '', '', '', '', '', '', '', '', '', '', '', '', '', '', '', '', '', '', '', '', '', '', '', '', '', '', ''), ('1290', '1290', 'Shop_Domain', 'shopIndex', 'master', 'json', '8300', '0', '', '地域列表_查看', 'int16_t:cmd_id', '', '', '', '', '', '', '', '', '', '', '', '', '', '', '', '', '', '', '', '', '', '', '', '', '', '', '', '', '', '', '', '', '', ''), ('1300', '1300', 'Shop_Domain', 'getShopDomain', 'master', 'e', '8310', '0', '', '地域列表_编辑', 'int16_t:cmd_id', '', '', '', '', '', '', '', '', '', '', '', '', '', '', '', '', '', '', '', '', '', '', '', '', '', '', '', '', '', '', '', '', '', ''), ('1310', '1310', 'Shop_Domain', 'editShopDomainrow', 'master', 'json', '8310', '0', '', '地域列表_编辑', 'int16_t:cmd_id', '', '', '', '', '', '', '', '', '', '', '', '', '', '', '', '', '', '', '', '', '', '', '', '', '', '', '', '', '', '', '', '', '', ''), ('1320', '1320', 'Shop_Selfsupport', 'indexs', 'master', 'e', '8320', '0', '', '自营店铺_查看', 'int16_t:cmd_id', '', '', '', '', '', '', '', '', '', '', '', '', '', '', '', '', '', '', '', '', '', '', '', '', '', '', '', '', '', '', '', '', '', ''), ('1330', '1330', 'Shop_Selfsupport', 'shopIndex', 'master', 'json', '8320', '0', '', '自营店铺_查看', 'int16_t:cmd_id', '', '', '', '', '', '', '', '', '', '', '', '', '', '', '', '', '', '', '', '', '', '', '', '', '', '', '', '', '', '', '', '', '', ''), ('1340', '1340', 'Shop_Selfsupport', 'getshopaddrow', 'master', 'e', '8330', '0', '', '自营店铺_新增', 'int16_t:cmd_id', '', '', '', '', '', '', '', '', '', '', '', '', '', '', '', '', '', '', '', '', '', '', '', '', '', '', '', '', '', '', '', '', '', ''), ('1350', '1350', 'Shop_Selfsupport', 'addShoprow', 'master', 'json', '8330', '0', '', '自营店铺_新增', 'int16_t:cmd_id', '', '', '', '', '', '', '', '', '', '', '', '', '', '', '', '', '', '', '', '', '', '', '', '', '', '', '', '', '', '', '', '', '', ''), ('1360', '1360', 'Shop_Selfsupport', 'getshopeditrow', 'master', 'e', '8340', '0', '', '自营店铺_编辑', 'int16_t:cmd_id', '', '', '', '', '', '', '', '', '', '', '', '', '', '', '', '', '', '', '', '', '', '', '', '', '', '', '', '', '', '', '', '', '', ''), ('1370', '1370', 'Shop_Selfsupport', 'editShopBase', 'master', 'json', '8340', '0', '', '自营店铺_编辑', 'int16_t:cmd_id', '', '', '', '', '', '', '', '', '', '', '', '', '', '', '', '', '', '', '', '', '', '', '', '', '', '', '', '', '', '', '', '', '', ''), ('1380', '1380', 'Shop_Selfsupport', 'delSelfsupport', 'master', 'json', '8350', '0', '', '店铺自营_删除', 'int16_t:cmd_id', '', '', '', '', '', '', '', '', '', '', '', '', '', '', '', '', '', '', '', '', '', '', '', '', '', '', '', '', '', '', '', '', '', ''), ('1390', '1390', 'Config', 'operation', 'master', 'e', '8500', '0', '', '运营设置_查看', 'int16_t:cmd_id', '', '', '', '', '', '', '', '', '', '', '', '', '', '', '', '', '', '', '', '', '', '', '', '', '', '', '', '', '', '', '', '', '', ''), ('1400', '1400', 'Config', 'edit', 'master', 'json', '8510', '0', '', '运营设置_编辑', 'int16_t:cmd_id', '', '', '', '', '', '', '', '', '', '', '', '', '', '', '', '', '', '', '', '', '', '', '', '', '', '', '', '', '', '', '', '', '', ''), ('1410', '1410', 'Operation_Settlement', 'settlement', 'master', 'e', '8520', '0', '', '结算管理_查看', 'int16_t:cmd_id', '', '', '', '', '', '', '', '', '', '', '', '', '', '', '', '', '', '', '', '', '', '', '', '', '', '', '', '', '', '', '', '', '', '');
INSERT INTO `yf_admin_base_protocol` VALUES ('1420', '1420', 'Operation_Settlement', 'getSettleList', 'master', 'json', '8520', '0', '', '结算管理_查看', 'int16_t:cmd_id', '', '', '', '', '', '', '', '', '', '', '', '', '', '', '', '', '', '', '', '', '', '', '', '', '', '', '', '', '', '', '', '', '', ''), ('1430', '1430', 'Operation_Settlement', 'detail', 'master', 'e', '8520', '0', '', '结算管理_查看', 'int16_t:cmd_id', '', '', '', '', '', '', '', '', '', '', '', '', '', '', '', '', '', '', '', '', '', '', '', '', '', '', '', '', '', '', '', '', '', ''), ('1440', '1440', 'Operation_Settlement', 'getOrder', 'master', 'json', '8520', '0', '', '结算管理_查看', 'int16_t:cmd_id', '', '', '', '', '', '', '', '', '', '', '', '', '', '', '', '', '', '', '', '', '', '', '', '', '', '', '', '', '', '', '', '', '', ''), ('1450', '1450', 'Operation_Settlement', 'getReturn', 'master', 'json', '8520', '0', '', '结算管理_查看', 'int16_t:cmd_id', '', '', '', '', '', '', '', '', '', '', '', '', '', '', '', '', '', '', '', '', '', '', '', '', '', '', '', '', '', '', '', '', '', ''), ('1460', '1460', 'Operation_Settlement', 'getShopFee', 'master', 'json', '8520', '0', '', '结算管理_查看', 'int16_t:cmd_id', '', '', '', '', '', '', '', '', '', '', '', '', '', '', '', '', '', '', '', '', '', '', '', '', '', '', '', '', '', '', '', '', '', ''), ('1470', '1470', 'Api_Operation_Settlement', 'getSettleExcel', 'master', 'json', '8530', '0', '', '结算管理_导出', 'int16_t:cmd_id', '', '', '', '', '', '', '', '', '', '', '', '', '', '', '', '', '', '', '', '', '', '', '', '', '', '', '', '', '', '', '', '', '', ''), ('1480', '1480', 'Operation_Settlement', 'settlement', 'master', 'e', '8540', '0', '', '虚拟订单结算_查看', 'int16_t:cmd_id', '', '', '', '', '', '', '', '', '', '', '', '', '', '', '', '', '', '', '', '', '', '', '', '', '', '', '', '', '', '', '', '', '', ''), ('1490', '1490', 'Operation_Settlement', 'getSettleList', 'master', 'json', '8540', '0', '', '虚拟订单结算_查看', 'int16_t:cmd_id', '', '', '', '', '', '', '', '', '', '', '', '', '', '', '', '', '', '', '', '', '', '', '', '', '', '', '', '', '', '', '', '', '', ''), ('1500', '1500', 'Operation_Settlement', 'detail', 'master', 'e', '8540', '0', '', '虚拟订单结算_查看', 'int16_t:cmd_id', '', '', '', '', '', '', '', '', '', '', '', '', '', '', '', '', '', '', '', '', '', '', '', '', '', '', '', '', '', '', '', '', '', ''), ('1510', '1510', 'Operation_Settlement', 'getVirtual', 'master', 'json', '8540', '0', '', '虚拟订单结算_查看', 'int16_t:cmd_id', '', '', '', '', '', '', '', '', '', '', '', '', '', '', '', '', '', '', '', '', '', '', '', '', '', '', '', '', '', '', '', '', '', ''), ('1520', '1520', 'Operation_Custom', 'custom', 'master', 'e', '8560', '0', '', '咨询列表_查看', 'int16_t:cmd_id', '', '', '', '', '', '', '', '', '', '', '', '', '', '', '', '', '', '', '', '', '', '', '', '', '', '', '', '', '', '', '', '', '', ''), ('1530', '1530', 'Operation_Custom', 'getCustomList', 'master', 'json', '8560', '0', '', '咨询列表_查看', 'int16_t:cmd_id', '', '', '', '', '', '', '', '', '', '', '', '', '', '', '', '', '', '', '', '', '', '', '', '', '', '', '', '', '', '', '', '', '', ''), ('1540', '1540', 'Operation_Custom', 'getService', 'master', 'e', '8580', '0', '', '咨询列表_编辑', 'int16_t:cmd_id', '', '', '', '', '', '', '', '', '', '', '', '', '', '', '', '', '', '', '', '', '', '', '', '', '', '', '', '', '', '', '', '', '', ''), ('1550', '1550', 'Operation_Custom', 'replyService', 'master', 'json', '8580', '0', '', '咨询列表_编辑', 'int16_t:cmd_id', '', '', '', '', '', '', '', '', '', '', '', '', '', '', '', '', '', '', '', '', '', '', '', '', '', '', '', '', '', '', '', '', '', ''), ('1560', '1560', 'Operation_Custom', 'delService', 'master', 'json', '8590', '0', '', '咨询列表_删除', 'int16_t:cmd_id', '', '', '', '', '', '', '', '', '', '', '', '', '', '', '', '', '', '', '', '', '', '', '', '', '', '', '', '', '', '', '', '', '', ''), ('1570', '1570', 'Operation_Custom', 'type', 'master', 'e', '8600', '0', '', '咨询类型_查看', 'int16_t:cmd_id', '', '', '', '', '', '', '', '', '', '', '', '', '', '', '', '', '', '', '', '', '', '', '', '', '', '', '', '', '', '', '', '', '', ''), ('1580', '1580', 'Operation_Custom', 'getTypeList', 'master', 'json', '8600', '0', '', '咨询类型_查看', 'int16_t:cmd_id', '', '', '', '', '', '', '', '', '', '', '', '', '', '', '', '', '', '', '', '', '', '', '', '', '', '', '', '', '', '', '', '', '', ''), ('1590', '1590', 'Operation_Custom', 'manage', 'master', 'e', '8620', '0', '', '咨询类型_编辑', 'int16_t:cmd_id', '', '', '', '', '', '', '', '', '', '', '', '', '', '', '', '', '', '', '', '', '', '', '', '', '', '', '', '', '', '', '', '', '', ''), ('1600', '1600', 'Operation_Custom', 'editType', 'master', 'json', '8620', '0', '', '咨询类型_编辑', 'int16_t:cmd_id', '', '', '', '', '', '', '', '', '', '', '', '', '', '', '', '', '', '', '', '', '', '', '', '', '', '', '', '', '', '', '', '', '', ''), ('1610', '1610', 'Operation_Custom', 'delType', 'master', 'json', '8630', '0', '', '咨询类型_删除', 'int16_t:cmd_id', '', '', '', '', '', '', '', '', '', '', '', '', '', '', '', '', '', '', '', '', '', '', '', '', '', '', '', '', '', '', '', '', '', ''), ('1620', '1620', 'Operation_Custom', 'manage', 'master', 'e', '8610', '0', '', '咨询类型_新增', 'int16_t:cmd_id', '', '', '', '', '', '', '', '', '', '', '', '', '', '', '', '', '', '', '', '', '', '', '', '', '', '', '', '', '', '', '', '', '', ''), ('1630', '1630', 'Operation_Custom', 'addType', 'master', 'json', '8610', '0', '', '咨询类型_新增', 'int16_t:cmd_id', '', '', '', '', '', '', '', '', '', '', '', '', '', '', '', '', '', '', '', '', '', '', '', '', '', '', '', '', '', '', '', '', '', ''), ('1640', '1640', 'Operation_Card', 'card', 'master', 'e', '8640', '0', '', '平台充值卡_查看', 'int16_t:cmd_id', '', '', '', '', '', '', '', '', '', '', '', '', '', '', '', '', '', '', '', '', '', '', '', '', '', '', '', '', '', '', '', '', '', ''), ('1650', '1650', 'Operation_Card', 'getCardList', 'master', 'json', '8640', '0', '', '平台充值卡_查看', 'int16_t:cmd_id', '', '', '', '', '', '', '', '', '', '', '', '', '', '', '', '', '', '', '', '', '', '', '', '', '', '', '', '', '', '', '', '', '', ''), ('1660', '1660', 'Operation_Card', 'addCard', 'master', 'e', '8650', '0', '', '平台充值卡_新增', 'int16_t:cmd_id', '', '', '', '', '', '', '', '', '', '', '', '', '', '', '', '', '', '', '', '', '', '', '', '', '', '', '', '', '', '', '', '', '', ''), ('1670', '1670', 'Operation_Card', 'addCardBase', 'master', 'json', '8650', '0', '', '平台充值卡_新增', 'int16_t:cmd_id', '', '', '', '', '', '', '', '', '', '', '', '', '', '', '', '', '', '', '', '', '', '', '', '', '', '', '', '', '', '', '', '', '', ''), ('1680', '1680', 'Operation_Delivery', 'delivery', 'master', 'e', '8680', '0', '', '物流自提服务站_查看', 'int16_t:cmd_id', '', '', '', '', '', '', '', '', '', '', '', '', '', '', '', '', '', '', '', '', '', '', '', '', '', '', '', '', '', '', '', '', '', ''), ('1690', '1690', 'Operation_Delivery', 'getDeliveryList', 'master', 'json', '8680', '0', '', '物流自提服务站_查看', 'int16_t:cmd_id', '', '', '', '', '', '', '', '', '', '', '', '', '', '', '', '', '', '', '', '', '', '', '', '', '', '', '', '', '', '', '', '', '', ''), ('1700', '1700', 'Operation_Delivery', 'getDetail', 'master', 'e', '8680', '0', '', '物流自提服务站_查看', 'int16_t:cmd_id', '', '', '', '', '', '', '', '', '', '', '', '', '', '', '', '', '', '', '', '', '', '', '', '', '', '', '', '', '', '', '', '', '', ''), ('1710', '1710', 'Operation_Delivery', 'getDelivery', 'master', 'e', '8690', '0', '', '物流自提服务站_编辑', 'int16_t:cmd_id', '', '', '', '', '', '', '', '', '', '', '', '', '', '', '', '', '', '', '', '', '', '', '', '', '', '', '', '', '', '', '', '', '', ''), ('1720', '1720', 'Operation_Delivery', 'editDelivery', 'master', 'json', '8690', '0', '', '物流自提服务站_编辑', 'int16_t:cmd_id', '', '', '', '', '', '', '', '', '', '', '', '', '', '', '', '', '', '', '', '', '', '', '', '', '', '', '', '', '', '', '', '', '', ''), ('1730', '1730', 'Operation_Contract', 'log', 'master', 'e', '8720', '0', '', '服务加入申请_查看', 'int16_t:cmd_id', '', '', '', '', '', '', '', '', '', '', '', '', '', '', '', '', '', '', '', '', '', '', '', '', '', '', '', '', '', '', '', '', '', ''), ('1740', '1740', 'Operation_Contract', 'getContractStateList', 'master', 'json', '8720', '0', '', '服务加入申请_查看', 'int16_t:cmd_id', '', '', '', '', '', '', '', '', '', '', '', '', '', '', '', '', '', '', '', '', '', '', '', '', '', '', '', '', '', '', '', '', '', ''), ('1750', '1750', 'Operation_Contract', 'manageLog', 'master', 'e', '8740', '0', '', '服务加入申请_编辑', 'int16_t:cmd_id', '', '', '', '', '', '', '', '', '', '', '', '', '', '', '', '', '', '', '', '', '', '', '', '', '', '', '', '', '', '', '', '', '', ''), ('1760', '1760', 'Operation_Contract', 'editLog', 'master', 'json', '8740', '0', '', '服务加入申请_编辑', 'int16_t:cmd_id', '', '', '', '', '', '', '', '', '', '', '', '', '', '', '', '', '', '', '', '', '', '', '', '', '', '', '', '', '', '', '', '', '', ''), ('1770', '1770', 'Operation_Contract', 'quit', 'master', 'e', '8760', '0', '', '服务退出申请_查看', 'int16_t:cmd_id', '', '', '', '', '', '', '', '', '', '', '', '', '', '', '', '', '', '', '', '', '', '', '', '', '', '', '', '', '', '', '', '', '', ''), ('1780', '1780', 'Operation_Contract', 'getContractStateList', 'master', 'json', '8760', '0', '', '服务退出申请_查看', 'int16_t:cmd_id', '', '', '', '', '', '', '', '', '', '', '', '', '', '', '', '', '', '', '', '', '', '', '', '', '', '', '', '', '', '', '', '', '', ''), ('1790', '1790', 'Operation_Contract', 'manageLog', 'master', 'e', '8780', '0', '', '服务退出申请_编辑', 'int16_t:cmd_id', '', '', '', '', '', '', '', '', '', '', '', '', '', '', '', '', '', '', '', '', '', '', '', '', '', '', '', '', '', '', '', '', '', ''), ('1800', '1800', 'Operation_Contract', 'editLog', 'master', 'json', '8780', '0', '', '服务退出申请_编辑', 'int16_t:cmd_id', '', '', '', '', '', '', '', '', '', '', '', '', '', '', '', '', '', '', '', '', '', '', '', '', '', '', '', '', '', '', '', '', '', ''), ('1810', '1810', 'Operation_Contract', 'service', 'master', 'e', '8800', '0', '', '店铺保障服务_查看', 'int16_t:cmd_id', '', '', '', '', '', '', '', '', '', '', '', '', '', '', '', '', '', '', '', '', '', '', '', '', '', '', '', '', '', '', '', '', '', ''), ('1820', '1820', 'Operation_Contract', 'getServiceList', 'master', 'json', '8800', '0', '', '店铺保障服务_查看', 'int16_t:cmd_id', '', '', '', '', '', '', '', '', '', '', '', '', '', '', '', '', '', '', '', '', '', '', '', '', '', '', '', '', '', '', '', '', '', ''), ('1830', '1830', 'Operation_Contract', 'manageShopContract', 'master', 'e', '8820', '0', '', '店铺保障服务_编辑', 'int16_t:cmd_id', '', '', '', '', '', '', '', '', '', '', '', '', '', '', '', '', '', '', '', '', '', '', '', '', '', '', '', '', '', '', '', '', '', ''), ('1840', '1840', 'Operation_Contract', 'editContract', 'master', 'json', '8820', '0', '', '店铺保障服务_编辑', 'int16_t:cmd_id', '', '', '', '', '', '', '', '', '', '', '', '', '', '', '', '', '', '', '', '', '', '', '', '', '', '', '', '', '', '', '', '', '', ''), ('1850', '1850', 'Operation_Contract', 'getDetail', 'master', 'e', '8800', '0', '', '店铺保障服务_查看', 'int16_t:cmd_id', '', '', '', '', '', '', '', '', '', '', '', '', '', '', '', '', '', '', '', '', '', '', '', '', '', '', '', '', '', '', '', '', '', ''), ('1860', '1860', 'Operation_Contract', 'manageContractCash', 'master', 'e', '8820', '0', '', '店铺保障服务_编辑', 'int16_t:cmd_id', '', '', '', '', '', '', '', '', '', '', '', '', '', '', '', '', '', '', '', '', '', '', '', '', '', '', '', '', '', '', '', '', '', ''), ('1870', '1870', 'Operation_Contract', 'editCash', 'master', 'json', '8820', '0', '', '店铺保障服务_编辑', 'int16_t:cmd_id', '', '', '', '', '', '', '', '', '', '', '', '', '', '', '', '', '', '', '', '', '', '', '', '', '', '', '', '', '', '', '', '', '', ''), ('1880', '1880', 'Operation_Contract', 'getDetail', 'master', 'e', '8800', '0', '', '店铺保障服务_查看', 'int16_t:cmd_id', '', '', '', '', '', '', '', '', '', '', '', '', '', '', '', '', '', '', '', '', '', '', '', '', '', '', '', '', '', '', '', '', '', ''), ('1890', '1890', 'Operation_Contract', 'getLogList', 'master', 'json', '8800', '0', '', '店铺保障服务_查看', 'int16_t:cmd_id', '', '', '', '', '', '', '', '', '', '', '', '', '', '', '', '', '', '', '', '', '', '', '', '', '', '', '', '', '', '', '', '', '', ''), ('1900', '1900', 'Operation_Contract', 'type', 'master', 'e', '8840', '0', '', '保障服务管理_查看', 'int16_t:cmd_id', '', '', '', '', '', '', '', '', '', '', '', '', '', '', '', '', '', '', '', '', '', '', '', '', '', '', '', '', '', '', '', '', '', ''), ('1910', '1910', 'Operation_Contract', 'getTypeList', 'master', 'json', '8840', '0', '', '保障服务管理_查看', 'int16_t:cmd_id', '', '', '', '', '', '', '', '', '', '', '', '', '', '', '', '', '', '', '', '', '', '', '', '', '', '', '', '', '', '', '', '', '', ''), ('1920', '1920', 'Operation_Contract', 'manage', 'master', 'e', '8850', '0', '', '保障服务管理_编辑', 'int16_t:cmd_id', '', '', '', '', '', '', '', '', '', '', '', '', '', '', '', '', '', '', '', '', '', '', '', '', '', '', '', '', '', '', '', '', '', ''), ('1930', '1930', 'Operation_Contract', 'editType', 'master', 'json', '8850', '0', '', '保障服务管理_编辑', 'int16_t:cmd_id', '', '', '', '', '', '', '', '', '', '', '', '', '', '', '', '', '', '', '', '', '', '', '', '', '', '', '', '', '', '', '', '', '', ''), ('1931', '1931', 'Goods_Brand', 'getBrandListExcel', 'master', 'e', '3371', '0', '', '品牌导出', 'int16_t:cmd_id', '', '', '', '', '', '', '', '', '', '', '', '', '', '', '', '', '', '', '', '', '', '', '', '', '', '', '', '', '', '', '', '', '', ''), ('1932', '1932', 'Goods_Goods', 'recommend', 'master', 'e', '8880', '0', '', '商品推荐_查看', 'int16_t:cmd_id', '', '', '', '', '', '', '', '', '', '', '', '', '', '', '', '', '', '', '', '', '', '', '', '', '', '', '', '', '', '', '', '', '', ''), ('1933', '1933', 'Goods_Goods', 'listGoodsRecommend', 'master', 'json', '8880', '0', '', '商品推荐_查看', 'int16_t:cmd_id', '', '', '', '', '', '', '', '', '', '', '', '', '', '', '', '', '', '', '', '', '', '', '', '', '', '', '', '', '', '', '', '', '', ''), ('1934', '1934', 'Goods_Goods', 'recommendManage', 'master', 'e', '8900', '0', '', '商品推荐_新增', 'int16_t:cmd_id', '', '', '', '', '', '', '', '', '', '', '', '', '', '', '', '', '', '', '', '', '', '', '', '', '', '', '', '', '', '', '', '', '', ''), ('1935', '1935', 'Goods_Goods', 'addGoodsRecommend', 'master', 'json', '8900', '0', '', '商品推荐_新增', 'int16_t:cmd_id', '', '', '', '', '', '', '', '', '', '', '', '', '', '', '', '', '', '', '', '', '', '', '', '', '', '', '', '', '', '', '', '', '', ''), ('1936', '1936', 'Goods_Goods', 'editGoodsRecommend', 'master', 'json', '8890', '0', '', '商品推荐_编辑', 'int16_t:cmd_id', '', '', '', '', '', '', '', '', '', '', '', '', '', '', '', '', '', '', '', '', '', '', '', '', '', '', '', '', '', '', '', '', '', ''), ('1937', '1937', 'Goods_Goods', 'removeGoodsRecommend', 'master', 'json', '8910', '0', '', '商品推荐_删除', 'int16_t:cmd_id', '', '', '', '', '', '', '', '', '', '', '', '', '', '', '', '', '', '', '', '', '', '', '', '', '', '', '', '', '', '', '', '', '', ''), ('1938', '1938', 'User_Base', 'account', 'master', 'e', '8920', '0', '', '用户信息_查看', 'int16_t:cmd_id', '', '', '', '', '', '', '', '', '', '', '', '', '', '', '', '', '', '', '', '', '', '', '', '', '', '', '', '', '', '', '', '', '', ''), ('1939', '1939', 'User_Base', 'getUserList', 'master', 'json', '8920', '0', '', '用户信息_查看', 'int16_t:cmd_id', '', '', '', '', '', '', '', '', '', '', '', '', '', '', '', '', '', '', '', '', '', '', '', '', '', '', '', '', '', '', '', '', '', ''), ('1940', '1940', 'User_Base', 'accountmanage', 'master', 'e', '8930', '0', '', '用户信息_新增', 'int16_t:cmd_id', '', '', '', '', '', '', '', '', '', '', '', '', '', '', '', '', '', '', '', '', '', '', '', '', '', '', '', '', '', '', '', '', '', ''), ('1941', '1941', 'User_Base', 'save', 'master', 'json', '8930', '0', '', '用户信息_信息', 'int16_t:cmd_id', '', '', '', '', '', '', '', '', '', '', '', '', '', '', '', '', '', '', '', '', '', '', '', '', '', '', '', '', '', '', '', '', '', ''), ('1942', '1942', 'User_Base', 'change', 'master', 'json', '8940', '0', '', '用户信息_编辑', 'int16_t:cmd_id', '', '', '', '', '', '', '', '', '', '', '', '', '', '', '', '', '', '', '', '', '', '', '', '', '', '', '', '', '', '', '', '', '', ''), ('1943', '1943', 'User_Base', 'save', 'master', 'json', '8930', '0', '', '用户信息_新增', 'int16_t:cmd_id', '', '', '', '', '', '', '', '', '', '', '', '', '', '', '', '', '', '', '', '', '', '', '', '', '', '', '', '', '', '', '', '', '', '');
COMMIT;

-- ----------------------------
--  Table structure for `yf_admin_log_action`
-- ----------------------------
DROP TABLE IF EXISTS `yf_admin_log_action`;
CREATE TABLE `yf_admin_log_action` (
  `log_id` int(11) NOT NULL AUTO_INCREMENT COMMENT '日志id',
  `user_id` mediumint(8) NOT NULL DEFAULT '0' COMMENT '玩家Id',
  `user_account` varchar(100) NOT NULL DEFAULT '' COMMENT '角色账户',
  `user_name` varchar(20) NOT NULL DEFAULT '' COMMENT '角色名称',
  `action_id` mediumint(8) NOT NULL DEFAULT '0' COMMENT '行为id == protocal_id -> rights_id',
  `action_type_id` mediumint(9) NOT NULL COMMENT '操作类型id，right_parent_id',
  `log_param` text NOT NULL COMMENT '请求的参数',
  `log_ip` varchar(20) NOT NULL DEFAULT '',
  `log_date` date NOT NULL COMMENT '日志日期',
  `log_time` timestamp NOT NULL DEFAULT CURRENT_TIMESTAMP COMMENT '记录时间',
  PRIMARY KEY (`log_id`),
  KEY `player_id` (`user_id`) COMMENT '(null)',
  KEY `log_date` (`log_date`) COMMENT '(null)'
) ENGINE=InnoDB DEFAULT CHARSET=utf8 ROW_FORMAT=COMPACT COMMENT='用户行为日志表';

-- ----------------------------
--  Table structure for `yf_admin_menu`
-- ----------------------------
DROP TABLE IF EXISTS `yf_admin_menu`;
CREATE TABLE `yf_admin_menu` (
  `menu_id` int(10) NOT NULL AUTO_INCREMENT COMMENT '菜单id',
  `menu_parent_id` int(10) NOT NULL DEFAULT '0' COMMENT '菜单id',
  `menu_rel` varchar(20) NOT NULL DEFAULT 'pageTab',
  `menu_name` varchar(20) NOT NULL COMMENT '菜单名称',
  `menu_label` varchar(50) NOT NULL DEFAULT '' COMMENT '菜单text',
  `menu_icon` varchar(20) NOT NULL DEFAULT '' COMMENT '图标class',
  `rights_id` int(10) unsigned NOT NULL DEFAULT '0' COMMENT '权限id',
  `menu_url_ctl` varchar(20) NOT NULL DEFAULT '' COMMENT '控制器名称',
  `menu_url_met` varchar(20) NOT NULL DEFAULT '' COMMENT '控制器方法',
  `menu_url_parem` varchar(50) NOT NULL DEFAULT '' COMMENT 'url参数',
  `menu_url` varchar(100) NOT NULL DEFAULT '' COMMENT '类型 1 页面 2 url',
  `menu_order` tinyint(4) unsigned NOT NULL DEFAULT '50' COMMENT '排序',
  `menu_time` datetime NOT NULL DEFAULT '0000-00-00 00:00:00' COMMENT '最后更新时间',
  PRIMARY KEY (`menu_id`)
) ENGINE=InnoDB AUTO_INCREMENT=18001 DEFAULT CHARSET=utf8 ROW_FORMAT=COMPACT COMMENT='菜单表-10个递增';

-- ----------------------------
--  Records of `yf_admin_menu`
-- ----------------------------
BEGIN;
INSERT INTO `yf_admin_menu` VALUES ('10000', '0', '', '平台', '平台', '', '0', 'Seller_Index', 'Index', '', '', '127', '0000-00-00 00:00:00'), ('11000', '0', '', '设置', '设置', '', '0', 'Seller_Goods', 'add', '', '', '127', '0000-00-00 00:00:00'), ('12000', '0', '', '商品', '商品', '', '0', 'Seller_Order', 'Index', '', '', '127', '0000-00-00 00:00:00'), ('13000', '0', '', '店铺', '店铺', '', '0', 'Seller_Marketing', 'Index', '', '', '127', '0000-00-00 00:00:00'), ('14000', '0', '', '会员', '会员', '', '0', 'Seller_Shop', 'Index', '', '', '127', '0000-00-00 00:00:00'), ('15000', '0', '', '交易', '交易', '', '0', 'Seller_Service', 'Index', '', '', '127', '0000-00-00 00:00:00'), ('16000', '0', '', '运营', '运营', '', '0', 'Seller_analytics', 'Index', '', '', '127', '0000-00-00 00:00:00'), ('17000', '0', '', '促销', '促销', '', '0', 'Seller_Message', 'Index', '', '', '127', '0000-00-00 00:00:00'), ('18000', '0', '', '账号', '账号', '', '0', 'Seller_Account', 'Index', '', '', '127', '0000-00-00 00:00:00');
COMMIT;

-- ----------------------------
--  Table structure for `yf_admin_rights_base`
-- ----------------------------
DROP TABLE IF EXISTS `yf_admin_rights_base`;
CREATE TABLE `yf_admin_rights_base` (
  `rights_id` smallint(4) unsigned NOT NULL AUTO_INCREMENT COMMENT '权限Id',
  `rights_name` varchar(20) NOT NULL DEFAULT '' COMMENT '权限名称',
  `rights_parent_id` smallint(4) unsigned NOT NULL COMMENT '权限父Id',
  `rights_remark` varchar(255) NOT NULL COMMENT '备注',
  `rights_order` smallint(4) NOT NULL DEFAULT '50' COMMENT '排序',
  PRIMARY KEY (`rights_id`)
) ENGINE=InnoDB AUTO_INCREMENT=8951 DEFAULT CHARSET=utf8 ROW_FORMAT=COMPACT COMMENT='权限表 ';

-- ----------------------------
--  Records of `yf_admin_rights_base`
-- ----------------------------
BEGIN;
INSERT INTO `yf_admin_rights_base` VALUES ('1', '首页', '0', '首页', '50'), ('2', '文章分类', '0', '文章分类', '60'), ('3', '文章管理', '0', '文章管理', '70'), ('4', '会员协议', '0', '会员协议', '80'), ('5', '页面导航', '0', '页面导航', '90'), ('6', '推荐位', '0', '推荐位', '100'), ('7', '地区设置', '0', '地区设置', '110'), ('8', '计划任务', '0', '计划任务', '120'), ('9', '商品分类', '0', '商品分类', '130'), ('10', '品牌管理', '0', '品牌管理', '140'), ('11', '商品规格', '0', '商品规格', '150'), ('13', '促销设定', '0', '促销设定', '170'), ('14', '团购管理', '0', '团购管理', '180'), ('15', '虚拟团购设置', '0', '虚拟团购设置', '190'), ('16', '加价购', '0', '加价购', '200'), ('17', '限时折扣', '0', '限时折扣', '210'), ('18', '店铺满即送', '0', '店铺满即送', '220'), ('19', '积分兑换', '0', '积分兑换', '230'), ('20', '店铺代金券', '0', '店铺代金券', '240'), ('21', '投诉管理', '0', '投诉管理', '250'), ('22', '商品类型', '0', '商品类型', '260'), ('23', '商品推荐', '0', '商品推荐', '270'), ('24', '用户信息', '0', '用户信息', '280'), ('50', '商城设置', '0', '商城设置', '500'), ('51', '图片设置', '0', '图片设置', '510'), ('52', '搜索设置', '0', '搜索设置', '520'), ('53', 'SEO设置', '0', 'SEO设置', '530'), ('54', '消息通知', '0', '消息通知', '540'), ('55', '快递公司', '0', '快递公司', '550'), ('56', '运单模板', '0', '运单模板', '560'), ('57', '会员管理', '0', '会员管理', '570'), ('58', '等级经验值', '0', '等级经验值', '580'), ('59', '积分管理', '0', '积分管理', '590'), ('60', '会员标签', '0', '会员标签', '600'), ('61', '会员消息', '0', '会员消息', '610'), ('80', '店铺管理', '0', '店铺管理', '810'), ('81', '店铺等级', '0', '店铺等级', '820'), ('82', '店铺分类', '0', '店铺分类', '830'), ('83', '二级域名', '0', '二级域名', '840'), ('84', '商家入驻', '0', '商家入驻', '850'), ('85', '自营店铺', '0', '自营店铺', '860'), ('100', '运营设置', '0', '运营设置', '1000'), ('101', '结算管理', '0', '结算管理', '1010'), ('102', '虚拟订单结算', '0', '虚拟订单结算', '1020'), ('103', '平台客服', '0', '平台克服', '1030'), ('104', '平台充值卡', '0', '平台充值卡', '1040'), ('105', '物流自提服务站', '0', '物流自提服务站', '1050'), ('106', '消费者保障服务', '0', '消费者服务保障', '1060'), ('3000', '首页显示', '1', '首页', '50'), ('3010', '查询', '2', '文章分类_查询', '20'), ('3020', '新增', '2', '文章分类_新增', '20'), ('3030', '修改', '2', '文章分类_修改', '20'), ('3040', '删除', '2', '文章分类_删除', '20'), ('3060', '查询', '3', '文章管理_查询', '30'), ('3070', '新增', '3', '文章管理_新增', '30'), ('3080', '修改', '3', '文章管理_修改', '30'), ('3090', '删除', '3', '文章管理_删除', '30'), ('3110', '新增', '4', '会员协议_新增', '40'), ('3120', '删除', '4', '会员协议_删除', '40'), ('3130', '修改', '4', '会员协议_修改', '40'), ('3140', '查询', '4', '会员协议_查询', '40'), ('3160', '查询', '5', '页面导航_查询', '50'), ('3170', '新增', '5', '页面导航_新增', '50'), ('3180', '修改', '5', '页面导航_修改', '50'), ('3190', '删除', '5', '页面导航_删除', '50'), ('3200', '查询', '6', '推荐位_查询', '60'), ('3210', '新增', '6', '推荐位_新增', '60'), ('3220', '修改', '6', '推荐位_修改', '60'), ('3230', '删除', '6', '推荐位_删除', '60'), ('3240', '查询', '7', '地区设置_查询', '70'), ('3250', '新增', '7', '地区设置_新增', '70'), ('3260', '修改', '7', '地区设置_修改', '70'), ('3270', '删除', '7', '地区设置_删除', '70'), ('3280', '查询', '8', '计划任务_查询', '80'), ('3290', '新增', '8', '计划任务_新增', '80'), ('3300', '修改', '8', '计划任务_修改', '80'), ('3310', '删除', '8', '计划任务_删除', '80'), ('3320', '查询', '9', '商品分类_查询', '90'), ('3330', '新增', '9', '商品分类_新增', '90'), ('3340', '修改', '9', '商品分类_修改', '90'), ('3350', '删除', '9', '商品分类_删除', '90'), ('3360', '分类导航', '9', '商品分类导航', '90'), ('3370', '查询', '10', '品牌管理_查询', '100'), ('3371', '导出', '10', '品牌管理_导出', '110'), ('3380', '新增', '10', '品牌管理_新增', '100'), ('3390', '修改', '10', '品牌管理_修改', '100'), ('3400', '删除', '10', '品牌管理_删除', '100'), ('3410', '查询', '11', '商品规格_查询', '110'), ('3420', '新增', '11', '商品规格_新增', '110'), ('3430', '修改', '11', '商品规格_修改', '110'), ('3440', '删除', '11', '商品规格_删除', '110'), ('3700', '查看', '13', '促销设定', '130'), ('3710', '修改', '13', '促销设定', '130'), ('3720', '团购活动_查看', '14', '团购管理', '140'), ('3730', '团购活动_编辑', '14', '团购管理', '140'), ('3740', '团购活动_删除', '14', '团购管理', '140'), ('3750', '套餐管理_查看', '14', '团购管理', '140'), ('3760', '团购分类_查看', '14', '团购管理', '140'), ('3770', '团购分类_新增', '14', '团购管理', '140'), ('3780', '团购分类_编辑', '14', '团购管理', '140'), ('3790', '团购分类_删除', '14', '团购管理', '140'), ('3800', '团购价格区间_查看', '14', '团购管理', '140'), ('3810', '团购价格区间_新增', '14', '团购管理', '140'), ('3820', '团购价格区间_编辑', '14', '团购管理', '140'), ('3830', '团购价格区间_删除', '14', '团购管理', '140'), ('3840', '设置_查看', '14', '团购管理', '140'), ('3850', '设置_编辑', '14', '团购管理', '140'), ('3860', '幻灯片_查看', '14', '团购管理', '140'), ('3870', '分类管理_查看', '15', '虚拟团购设置', '150'), ('3880', '分类管理_新增', '15', '虚拟团购设置', '150'), ('3890', '分类管理_编辑', '15', '虚拟团购设置', '150'), ('3900', '分类管理_删除', '15', '虚拟团购设置', '150'), ('3910', '区域管理_查看', '15', '虚拟团购设置', '150'), ('3920', '区域管理_新增', '15', '虚拟团购设置', '150'), ('3930', '区域管理_编辑', '15', '虚拟团购设置', '150'), ('3940', '区域管理_删除', '15', '虚拟团购设置', '150'), ('3950', '活动列表_查询', '16', '加价购', '160'), ('3960', '活动列表_编辑', '16', '加价购', '160'), ('3970', '活动列表_新增', '16', '加价购', '160'), ('3980', '活动列表_删除', '16', '加价购', '160'), ('3990', '活动列表_查询', '17', '限时折扣', '170'), ('4000', '活动列表_编辑', '17', '限时折扣', '170'), ('4010', '活动列表_删除', '17', '限时折扣', '170'), ('4020', '活动列表_新增', '17', '限时折扣', '170'), ('4030', '套餐管理_查询', '17', '限时折扣', '170'), ('4040', '套餐管理_新增', '17', '限时折扣', '170'), ('4050', '套餐管理_编辑', '17', '限时折扣', '170'), ('4060', '套餐管理_删除', '17', '限时折扣', '170'), ('4070', '设置', '17', '限时折扣', '170'), ('4080', '活动列表_查看', '18', '店铺满即送', '210'), ('4090', '活动列表_新增', '18', '店铺满即送', '210'), ('4100', '活动列表_编辑', '18', '店铺满即送', '210'), ('4110', '活动列表_删除', '18', '店铺满即送', '210'), ('4120', '套餐管理_查看', '18', '店铺满即送', '210'), ('4130', '设置', '18', '店铺满即送', '210'), ('4140', '礼品列表_查询', '19', '积分兑换', '220'), ('4150', '礼品列表_新增', '19', '积分兑换', '220'), ('4160', '礼品列表_编辑', '19', '积分兑换', '220'), ('4170', '礼品列表_删除', '19', '积分兑换', '220'), ('4180', '兑换列表_查询', '19', '积分兑换', '220'), ('4190', '兑换列表_新增', '19', '积分兑换', '220'), ('4200', '兑换列表_编辑', '19', '积分兑换', '220'), ('4210', '兑换列表_删除', '19', '积分兑换', '220'), ('4220', '兑换列表_发货', '19', '积分兑换', '220'), ('4230', '店铺代金券_查询', '20', '店铺代金券', '230'), ('4240', '店铺代金券_新增', '20', '店铺代金券', '230'), ('4250', '店铺代金券_编辑', '20', '店铺代金券', '230'), ('4260', '店铺代金券_删除', '20', '店铺代金券', '230'), ('4270', '套餐管理_查看', '20', '店铺代金券', '230'), ('4280', '面额设置_查看', '20', '店铺代金券', '230'), ('4290', '面额设置_编辑', '20', '店铺代金券', '230'), ('4300', '面额设置_新增', '20', '店铺代金券', '230'), ('4310', '面额设置_删除', '20', '店铺代金券', '230'), ('4320', '面额设置_检查', '20', '店铺代金券', '230'), ('4330', '设置', '20', '店铺代金券', '230'), ('4340', '查看', '21', '投诉管理', '240'), ('4350', '编辑', '21', '投诉管理', '240'), ('4360', '审核', '21', '投诉管理', '240'), ('4370', '关闭', '21', '投诉管理', '240'), ('4380', '主题设置_查看', '21', '投诉管理', '240'), ('4390', '主题设置_编辑', '21', '投诉管理', '240'), ('4400', '主题设置_新增', '21', '投诉管理', '240'), ('4410', '主题设置_删除', '21', '投诉管理', '240'), ('4420', '设置', '21', '投诉管理', '240'), ('5000', '商城设置_查询', '50', '商城设置', '500'), ('5010', '商城设置_编辑', '50', '商城设置', '500'), ('5020', '防灌水设置_查询', '50', '商城设置', '500'), ('5030', '防灌水设置_编辑', '50', '商城设置', '500'), ('5040', '默认图片_查询', '51', '图片设置', '510'), ('5050', '默认图片_编辑', '51', '图片设置', '510'), ('5060', '水印字体_查询', '51', '图片设置', '510'), ('5070', '水印字体_编辑', '51', '图片设置', '510'), ('5080', '默认搜索_查询', '52', '搜索设置', '520'), ('5090', '默认搜索_编辑', '52', '搜索设置', '520'), ('5100', '热门搜索_查询', '52', '搜索设置', '520'), ('5110', '热门搜索_增加', '52', '搜索设置', '520'), ('5120', '热门搜索_编辑', '52', '搜索设置', '520'), ('5130', '热门搜索_删除', '52', '搜索设置', '520'), ('5140', 'seo首页_查询', '53', 'SEO设置', '530'), ('5150', 'seo首页_编辑', '53', 'SEO设置', '530'), ('5160', '消息模板_查询', '54', '消息通知', '540'), ('5170', '消息模板_编辑', '54', '消息通知', '540'), ('5180', '快递公司_查询', '55', '快递公司', '550'), ('5190', '快递公司_编辑', '55', '快递公司', '550'), ('5200', '运单模板_查询', '55', '运单模板', '560'), ('5210', '运单模板_增加', '55', '运单模板', '560'), ('5220', '运单模板_编辑', '55', '运单模板', '560'), ('5230', '运单模板_删除', '55', '运单模板', '560'), ('5240', '会员管理_查询', '57', '会员管理', '570'), ('5250', '会员管理_编辑', '57', '会员管理', '570'), ('5260', '经验值明细_查询', '58', '等级经验值', '580'), ('5270', '规则设置_查询', '58', '等级经验值', '580'), ('5280', '规则设置_编辑', '58', '等级经验值', '580'), ('5290', '等级设置_查询', '58', '等级经验值', '580'), ('5300', '等级设置_编辑', '58', '等级经验值', '580'), ('5310', '积分明细_查询', '59', '积分明细', '590'), ('5320', '规则设置_查询', '59', '积分明细', '590'), ('5330', '规则设置_编辑', '59', '积分明细', '590'), ('5340', '积分增减_查询', '59', '积分明细', '590'), ('5350', '积分增减_编辑', '59', '积分明细', '590'), ('5360', '会员标签_查询', '60', '会员标签', '600'), ('5370', '会员标签_增加', '60', '会员标签', '600'), ('5380', '会员标签_编辑', '60', '会员标签', '600'), ('5390', '会员标签_删除', '60', '会员标签', '600'), ('5400', '会员消息_查询', '61', '会员消息', '610'), ('8000', '商城设置_查看', '80', '店铺管理', '800'), ('8010', '商城设置_编辑', '80', '店铺管理', '800'), ('8020', '商城设置_查看店铺', '80', '店铺管理', '800'), ('8030', '商城设置_编辑店铺', '80', '店铺管理', '800'), ('8040', '商城设置_查看注册信息', '80', '店铺管理', '800'), ('8050', '商城设置_查看经营类目', '80', '店铺管理', '800'), ('8060', '商城管理_编辑经营类目', '80', '店铺管理', '800'), ('8070', '商城管理_新增经营类目', '80', '店铺管理', '800'), ('8080', '商城管理_删除经营类目', '80', '店铺管理', '800'), ('8090', '审核开店信息_查看', '80', '店铺管理', '800'), ('8100', '审核开店信息_审核', '80', '店铺管理', '800'), ('8110', '审核店铺付款_查看', '80', '店铺管理', '800'), ('8120', '审核店铺付款_审核', '80', '店铺管理', '800'), ('8130', '续签申请_查看', '80', '店铺管理', '800'), ('8140', '续签申请_删除', '80', '店铺管理', '800'), ('8150', '经营类目申请_查看', '80', '店铺管理', '800'), ('8160', '经营类目申请_删除', '80', '店铺管理', '800'), ('8170', '结算周期设置_查看', '80', '店铺管理', '800'), ('8180', '结算周期设置_编辑', '80', '店铺管理', '800'), ('8190', '查看', '81', '店铺等级', '810'), ('8200', '新增', '81', '店铺等级', '810'), ('8210', '编辑', '81', '店铺等级', '810'), ('8220', '删除', '81', '店铺等级', '810'), ('8230', '选择模版', '81', '店铺等级 ', '810'), ('8240', '查看', '82', '店铺分类', '820'), ('8250', '新增', '82', '店铺分类', '820'), ('8260', '编辑', '82', '店铺分类', '820'), ('8270', '删除', '82', '店铺分类', '820'), ('8280', '查看', '83', '二级域名', '830'), ('8290', '编辑', '83', '二级域名', '830'), ('8300', '地域列表_查看', '83', '二级域名', '830'), ('8310', '地域列表_编辑', '83', '二级域名', '830'), ('8320', '查看', '85', '自营店铺', '850'), ('8330', '新增', '85', '自营店铺', '850'), ('8340', '编辑', '85', '自营店铺', '850'), ('8350', '删除', '85', '自营店铺', '850'), ('8500', '查看', '100', '运营设置', '900'), ('8510', '编辑', '100', '运营设置', '900'), ('8520', '查看', '101', '结算管理', '910'), ('8530', '导出', '101', '结算管理', '910'), ('8540', '查看', '102', '虚拟订单结算', '920'), ('8550', '导出', '102', '虚拟订单结算', '920'), ('8560', '咨询列表_查看', '103', '平台服务', '930'), ('8570', '咨询列表_新增', '103', '平台服务', '930'), ('8580', '咨询列表_编辑', '103', '平台服务', '930'), ('8590', '咨询列表_删除', '103', '平台服务', '930'), ('8600', '咨询类型_查看', '103', '平台客服', '930'), ('8610', '咨询类型_新增', '103', '平台客服', '930'), ('8620', '咨询类型_编辑', '103', '平台客服', '930'), ('8630', '咨询类型_删除', '103', '平台客服', '930'), ('8640', '查看', '104', '平台充值卡', '940'), ('8650', '新增', '104', '平台充值卡', '940'), ('8660', '编辑', '104', '平台充值卡', '940'), ('8670', '删除', '104', '平台充值卡', '940'), ('8680', '查看', '105', '物流自提服务站', '950'), ('8690', '新增', '105', '物流自提服务站', '950'), ('8700', '编辑', '105', '物流自提服务站', '950'), ('8710', '删除', '105', '物流自提服务站', '950'), ('8720', '服务加入申请_查看', '106', '消费者保障服务', '960'), ('8730', '服务加入申请_新增', '106', '消费者保障服务', '960'), ('8740', '服务加入申请_编辑', '106', '消费者保障服务', '960'), ('8750', '服务加入申请_删除', '106', '消费者保障服务', '960'), ('8760', '服务退出申请_查看', '106', '消费者保障服务', '960'), ('8770', '服务退出申请_新增', '106', '消费者保障服务', '960'), ('8780', '服务退出申请_编辑', '106', '消费者保障服务', '960'), ('8790', '服务退出申请_删除', '106', '消费者保障服务', '960'), ('8800', '店铺保障服务_查看', '106', '消费者保障服务', '960'), ('8810', '店铺保障服务_新增', '106', '消费保障者服务', '960'), ('8820', '店铺保障服务_编辑', '106', '消费保障者服务', '960'), ('8830', '店铺保障服务_删除', '106', '消费保障者服务', '960'), ('8840', '保障服务管理_查看', '106', '消费者保障服务', '960'), ('8850', '保障服务管理_编辑', '106', '消费者保障服务', '960'), ('8860', '保障服务管理_新增', '106', '消费者保障服务', '960'), ('8870', '保障服务管理_删除', '106', '消费者保障服务', '960'), ('8880', '查看', '23', '商品推荐', '970'), ('8890', '编辑', '23', '商品推荐', '970'), ('8900', '新增', '23', '商品图鉴', '970'), ('8910', '删除', '23', '商品推荐', '970'), ('8920', '查看', '24', '用户信息', '980'), ('8930', '新增', '24', '用户信息', '980'), ('8940', '编辑', '24', '用户信息', '980'), ('8950', '删除', '24', '用户信息', '980');
COMMIT;

-- ----------------------------
--  Table structure for `yf_admin_rights_data_type`
-- ----------------------------
DROP TABLE IF EXISTS `yf_admin_rights_data_type`;
CREATE TABLE `yf_admin_rights_data_type` (
  `rights_data_type_id` mediumint(6) unsigned NOT NULL AUTO_INCREMENT COMMENT '权限数据类型id',
  `rights_data_type_name` varchar(50) NOT NULL COMMENT '权限数据类型名称',
  `rights_data_type_primary_key` text NOT NULL COMMENT '数据主键',
  PRIMARY KEY (`rights_data_type_id`)
) ENGINE=InnoDB AUTO_INCREMENT=1002 DEFAULT CHARSET=utf8 ROW_FORMAT=COMPACT COMMENT='数据权限类型表';

-- ----------------------------
--  Records of `yf_admin_rights_data_type`
-- ----------------------------
BEGIN;
INSERT INTO `yf_admin_rights_data_type` VALUES ('1001', '分站数据权限', 'sub_site_id');
COMMIT;

-- ----------------------------
--  Table structure for `yf_admin_rights_group`
-- ----------------------------
DROP TABLE IF EXISTS `yf_admin_rights_group`;
CREATE TABLE `yf_admin_rights_group` (
  `rights_group_id` smallint(4) unsigned NOT NULL AUTO_INCREMENT COMMENT '权限组id',
  `rights_group_name` varchar(50) NOT NULL COMMENT '权限组名称',
  `rights_group_rights_ids` text NOT NULL COMMENT '权限列表',
  `rights_group_add_time` int(10) NOT NULL COMMENT '创建时间',
  PRIMARY KEY (`rights_group_id`)
) ENGINE=InnoDB AUTO_INCREMENT=25 DEFAULT CHARSET=utf8 ROW_FORMAT=COMPACT COMMENT='权限组表';

-- ----------------------------
--  Records of `yf_admin_rights_group`
-- ----------------------------
BEGIN;
INSERT INTO `yf_admin_rights_group` VALUES ('1', '系统管理员', '[3000,3010,3020,3030,3040,3060,3070,3080,3090,3110,3120,3130,3140,3160,3170,3180,3190,3200,3210,3220,3230,3240,3250,3260,3270,3280,3290,3300,3310,3320,3330,3340,3350,3360,3370,3371,3380,3390,3400,3410,3420,3430,3440,3700,3710,3720,3730,3740,3750,3760,3770,3780,3790,3800,3810,3820,3830,3840,3850,3860,3870,3880,3890,3900,3910,3920,3930,3940,3950,3960,3970,3980,3990,4000,4010,4020,4030,4040,4050,4060,4070,4080,4090,4100,4110,4120,4130,4140,4150,4160,4170,4180,4190,4200,4210,4220,4230,4240,4250,4260,4270,4280,4290,4300,4310,4320,4330,4340,4350,4360,4370,4380,4390,4400,4410,4420,5000,5010,5020,5030,5040,5050,5060,5070,5080,5090,5100,5110,5120,5130,5140,5150,5160,5170,5180,5190,5200,5210,5220,5230,5240,5250,5260,5270,5280,5290,5300,5310,5320,5330,5340,5350,5360,5370,5380,5390,5400,8000,8010,8020,8030,8040,8050,8060,8070,8080,8090,8100,8110,8120,8130,8140,8150,8160,8170,8180,8190,8200,8210,8220,8230,8240,8250,8260,8270,8280,8290,8300,8310,8320,8330,8340,8350,8500,8510,8520,8530,8540,8550,8560,8570,8580,8590,8600,8610,8620,8630,8640,8650,8660,8670,8680,8690,8700,8710,8720,8730,8740,8750,8760,8770,8780,8790,8800,8810,8820,8830,8840,8850,8860,8870,8880,8890,8900,8910,8920,8930,8940,8950]', '0');
COMMIT;

-- ----------------------------
--  Table structure for `yf_admin_user_base`
-- ----------------------------
DROP TABLE IF EXISTS `yf_admin_user_base`;
CREATE TABLE `yf_admin_user_base` (
  `user_id` mediumint(8) unsigned NOT NULL AUTO_INCREMENT COMMENT '用户id',
  `user_account` varchar(50) NOT NULL COMMENT '用户帐号',
  `user_password` char(32) NOT NULL COMMENT '密码：使用用户中心-此处废弃',
  `user_key` varchar(32) NOT NULL COMMENT '用户Key',
  `user_delete` tinyint(4) unsigned NOT NULL DEFAULT '0' COMMENT '是否被封禁，0：未封禁，1：封禁',
  `rights_group_id` smallint(4) NOT NULL COMMENT '用户权限组id',
  `sub_site_id` int(11) NOT NULL DEFAULT '0' COMMENT '所属子站， 0总站',
  PRIMARY KEY (`user_id`),
  UNIQUE KEY `user_account` (`user_account`) COMMENT '(null)'
) ENGINE=InnoDB DEFAULT CHARSET=utf8 ROW_FORMAT=COMPACT COMMENT='用户基础信息表';

-- ----------------------------
--  Table structure for `yf_admin_user_info`
-- ----------------------------
DROP TABLE IF EXISTS `yf_admin_user_info`;
CREATE TABLE `yf_admin_user_info` (
  `user_id` mediumint(8) NOT NULL COMMENT '用户id',
  `user_nickname` varchar(100) NOT NULL COMMENT '昵称',
  PRIMARY KEY (`user_id`)
) ENGINE=InnoDB DEFAULT CHARSET=utf8 ROW_FORMAT=COMPACT COMMENT='用户数据库主机表';

-- ----------------------------
--  Table structure for `yf_admin_user_rights_data`
-- ----------------------------
DROP TABLE IF EXISTS `yf_admin_user_rights_data`;
CREATE TABLE `yf_admin_user_rights_data` (
  `user_rights_data_id` mediumint(8) unsigned NOT NULL DEFAULT '0',
  `user_id` mediumint(8) unsigned NOT NULL COMMENT '用户id',
  `user_rights_data_value` mediumint(8) NOT NULL COMMENT '主键值',
  `rights_data_type_id` mediumint(8) unsigned NOT NULL DEFAULT '0' COMMENT '权限类型Id',
  PRIMARY KEY (`user_rights_data_id`)
) ENGINE=InnoDB DEFAULT CHARSET=utf8 ROW_FORMAT=COMPACT COMMENT='用户数据权限表';

SET FOREIGN_KEY_CHECKS = 1;
